operationnoshade,capitalnoshade,euinoshade,operationshade,capitalshade,euishade
912703.15,3060615.675,80.25,735673.39,2964133.762,241.58
1006867.08,2300481.48,176.49,807291.19,2712561.534,265.2
796753.66,3518353.995,67.06,924951.2,2298873.381,81.53
1019971.3,2683700.62,170.44,946201.68,1973009.16,191.57
1116944.18,2391401.57,159.81,1059787.59,2441449.25,95.1
816442.43,3174576.401,68.17,902405.48,2892218.11,79.09
1034351.57,1984736.18,176.34,1276521.51,1894545.08,198.58
929171.41,2917215.795,328.61,955454.08,2527896.049,319.07
1023224.04,2410590.93,159.88,800500.59,2834358.538,250.69
947655.32,2762198.713,82.27,861682.49,2396647.146,284.97
794451.12,2314764.929,260.67,1014730.02,3118859.516,89.91
991852.12,2589790.342,86.65,923548.21,2992360.676,81.57
922263.46,3170589.561,80.81,998403.7,2188218.21,180.73
948328.6,2431605.975,83.78,1061236.99,2128029.78,170.56
944193.9,2481702.72,183.35,982686.77,2892375.695,87.19
1019709.51,2326581.36,189.63,773408.72,2756189.925,277.09
1037738.71,2000327.15,180.86,890141.56,2340269.414,253.7
905317.13,2310193.08,172.89,879645.54,2905670.15,160.38
1058769.61,2734040.146,92.64,930635.28,2912036.383,332.85
1053129.44,2820857.119,93.34,947650.53,2232310.79,193.46
763870.42,3540175.911,245.08,752084.59,2889173.731,273.51
973406.55,2569842.157,86.37,848548.97,3034000.646,71.69
951598.84,2343901.17,186.67,1001004.22,2838023.505,87.12
950347.12,2690033.438,83.63,810254.78,2988633.9,159.27
919227.27,2988852.426,80.63,888997.36,2387231.898,287.66
1010172.15,2008754.64,197.16,997095.53,2948051.016,89.85
941292.24,2528652.84,167.18,1124712.76,1887118.06,182.66
766164.08,3109941.965,245.72,910803.75,2290851.527,286.39
947719.75,2283611.03,169.82,909310.86,2814979.444,77.69
1014095.58,2455894.238,89.34,891955.61,2337420.522,286.75
966700.22,2989392.245,85.06,984171.45,3014328.32,87.24
1070225.07,2531188.382,95.2,1003690.64,1877578.34,181.87
688784.3,2778502.137,243.51,628245.27,3191990.37,147.93
727917.69,2858759.92,251.31,1100636.62,2279673.682,99.62
903519.32,2270200.05,287.03,955118.42,2638722.01,160.53
950417.96,2553737.948,313.6,840891.75,2870889.649,71.68
894274.1377,2581257.026,166.0222392,923898.88,2463557.59,179.6
854791.0993,2841045.309,251.3296548,838664.67,2494848.38,157.83
729516.9455,2711431.96,253.7674397,757656.39,3234753.928,246.7
953065.7672,2975121.407,70.53081218,885779.52,2423306.413,284.61
757004.6242,2576822.207,260.0943067,870344.43,3370248.247,75.21
955569.1208,2604649.613,296.1753459,1014589.63,2696082.979,327.26
871747.7538,2305389.929,163.968721,995155.56,2604048.14,165.16
945512.0178,2448299.658,166.4469431,745730.12,2986272.098,260.75
868135.4089,2493159.242,256.2887492,1020289.78,2144839.68,165.5
1001202.108,2195403.203,165.032613,950071.14,2218410.04,194.99
762309.3905,2955590.497,237.4681949,737584.93,2986862.872,241.86
720235.6191,2673761.463,256.5857649,908272.89,2389880.942,292.33
794393.7579,2558031.889,275.0483985,753449.92,2614297.024,245.08
941309.2038,2062693.472,179.8190854,812888.55,2958921.803,255.12
956142.2942,2099625.835,287.400184,777492.44,2617393.38,239.51
894251.5246,2661001.592,77.95537764,1001217.26,2034932.099,324.52
808242.5043,2322697.014,278.9110367,755193.71,2657728.78,246.16
915194.8097,2483768.236,168.1407432,820120.09,2868497.32,164
900429.5905,2052644.006,280.903272,906539.7853,2254966.484,193.0081257
927460.4574,2620483.062,88.05510449,1012343.191,2142429.905,108.5518588
1090612.794,2119506.561,204.4764961,951111.4067,3100192.491,91.97622312
948590.9437,2254074.749,156.7502599,757004.6242,2511825.147,262.3400553
797101.4221,2672099.797,272.9823637,770371.5469,2669414.091,267.9661197
915194.8097,3006172.335,156.0171693,1176620.092,1885653.003,195.8766962
1086137.97,2532985.593,101.5258367,782128.1103,2909420.333,263.6309351
1001224.721,2372432.429,171.9069852,1211412.124,1675779.159,223.8981053
873121.0383,2917100.003,79.84275901,947488.9913,2918287.18,80.74867611
1054416.962,2280058.14,72.82758406,998704.2584,2362399.405,76.22073363
1019647.544,2198235.746,173.1731533,951111.4067,2632256.008,172.0768597
812422.7053,2622785.328,241.5807791,921372.8757,2438313.326,271.1548562
921372.8757,2363374.933,275.2524318,897353.0635,3050530.609,73.60237694
981685.2365,2912393.038,107.3889686,951088.7936,2557321.462,155.3944601
852200.3662,2612115.816,169.3630497,949986.8413,2950832.557,88.95091195
1032923.117,2496402.474,183.4956858,737556.4889,2857497.673,251.3453713
764286.364,2838339.233,245.2137058,871747.7538,2730207.876,101.3714241
990361.1523,2709686.501,288.960673,817408.3347,3384693.348,71.2137449
906028.9794,2304639.555,279.2769661,962229.8759,2043185.215,172.8295398
850316.2758,2469841.424,247.0294797,962229.8759,1962846.405,182.4849585
902957.9561,2731293.747,269.9441801,886969.7847,2696820.706,86.3233754
926335.892,2551175.767,85.402023,757004.6242,2494445.67,264.3791277
826061.6375,2580819.029,245.3711577,762332.0036,3225862.068,243.4582188
910719.9862,2902786.672,63.96534428,897375.6766,2930941.936,86.63592902
676302.0918,3646885.471,240.299851,732014.7955,3504155.31,244.1310855
855301.9052,2448742.415,167.1230429,1004326.26,2414877.847,160.7236271
969534.2288,2392503.668,153.6258307,852814.1257,2817136.796,250.7897215
930168.1216,2600069.149,153.2022269,945489.4048,2662573.961,69.15095991
985880.8252,2390104.253,177.5656157,895376.09,2635054.563,153.8089742
966432.6899,2850715.961,75.25980963,1033496.29,1892697.416,166.6326957
980281.4363,2785056.939,70.5898048,900429.5905,2205370.048,256.1737066
907890.4568,2661218.08,82.98724167,985880.8252,2582019.54,157.8352059
1126506.778,2335439.288,122.7449471,934625.8356,2378439.866,312.2639186
795976.8567,2963737.551,247.4831561,942682.4884,3129054.616,80.79812366
998704.2584,2102237.175,90.65489931,942682.4884,2726547.262,168.3272367
830868.1405,2272135.41,278.3443679,945512.0178,2702429.002,95.82947116
1001224.721,2497445.99,158.8351459,926335.892,2928564.545,79.26164951
809615.7889,2967030.558,251.6142278,1176620.092,1690304.704,230.5661967
820509.8736,3206264.368,66.35575993,998726.8715,2162882.298,162.349933
799078.3956,2545963.417,256.7534963,909037.6353,2687714.912,191.5827541
1035994.14,2647147.94,73.54972304,853324.9316,2792706.506,156.6000184
969534.2288,2608426.278,100.8726776,773473.0858,2649052.661,258.4819964
1073291.924,2335003.275,214.7244258,956653.1001,2373482.215,98.81827925
719133.6668,3310040.529,246.8818969,1040499.479,2755966.299,194.7497388
963934.8399,2095512.818,164.586524,913821.5252,2217898.207,174.8854571
830868.1405,2405431.884,277.0205805,727539.972,2938677.861,260.1086894
948613.5567,2612668.583,89.21818397,998726.8715,2605109.554,76.38625243
1001202.108,2257777.981,153.6591531,930168.1216,2796254.005,103.0355154
912696.9598,2590837.763,159.51315,791292.219,2673787.708,277.4950814
793269.1925,2469956.966,260.3466151,833365.9904,2826471.521,244.3887849
912696.9598,2516324.528,157.9161808,1033496.29,2482558.484,82.3166292
770371.5469,2752076.8,253.6536503,951088.7936,2760015.848,89.36786553
945489.4048,2259935.323,188.7008299,945512.0178,2347761.193,190.3418895
727539.972,2988126.937,259.666888,814399.6788,2683631.817,256.8748025
870112.3825,2296091.11,265.8760462,870134.9955,2829379.336,258.2301914
985880.8252,2388995.139,187.8676557,1123405.239,2070531.899,223.8686526
998704.2584,2344232.93,70.39386622,883387.9555,2935301.616,281.3767423
998726.8715,2487673.123,93.60394992,858355.8191,2236194.46,255.4048355
870623.1884,2944116.891,70.84293613,945489.4048,2257611.425,193.3578806
1016454.655,3039300.312,98.83523474,809368.7913,3215813.362,77.12304727
819999.0677,2830650.19,247.750629,894274.1377,3304053.779,72.82639255
860606.6715,2577530.42,166.7946743,1054439.575,2215403.531,167.6221054
1047135.222,2214745.566,110.7859284,903415.6333,2150960.866,170.6981665
818532.9001,2668237.646,159.3102494,915194.8097,2594284.816,174.4138713
808242.5043,2318232.346,265.7240547,927460.4574,2835351.609,69.17056422
1003201.695,2673437.895,88.42377014,980281.4363,2475618.998,93.90855708
740054.3388,3212517.361,244.8907193,868135.4089,2356473.672,270.1740661
892569.1736,2910966,158.8107802,1003201.695,2638186.535,96.92384037
1036024.656,2798209.588,96.13786806,913821.5252,2200518.729,176.9245296
998704.2584,2290210.068,69.96671375,991422.5186,2222573.595,112.5821088
817408.3347,3387017.247,66.55669421,823586.4006,2506379.341,251.1220728
737556.4889,2477032.376,258.3865372,929043.5562,2705840.401,162.125556
1073314.537,3038463.649,120.6948331,921372.8757,2334088.769,267.4132469
1070794.074,2023136.501,207.7854196,852200.3662,2547118.756,171.6087982
910719.9862,3030543.742,63.86629634,899873.5266,3266258.248,86.87740019
945489.4048,2590396.836,86.70935041,951111.4067,2662429.904,191.1268857
829185.7895,2645403.128,279.9004464,835342.964,2567028.611,265.3495418
1036024.656,2275941.905,205.5417293,1033496.29,2095391.802,100.6061011
1033496.29,2201940.258,99.69065973,724710.4426,3299588.174,247.6765137
913821.5252,2277355.863,173.8644481,1089208.994,1677193.117,192.220824
962229.8759,2164983.272,156.3253894,865637.559,2208797.245,263.1179932
773473.0858,2550581.754,266.4202292,737556.4889,2857497.673,251.3453713
1102484.567,2653423.025,102.6900811,956142.2942,2159940.719,290.3588552
817408.3347,2921836.732,151.6745052,1033496.29,2017377.969,167.4344402
966432.6899,2502588.799,189.3180099,983382.9753,2056928.71,195.1681773
1022054.044,2871409.029,186.7771144,1086137.97,2413977.883,127.1568431
913821.5252,2412040.487,186.628435,930168.1216,2714847.594,92.68519284
951088.7936,3029733.887,64.48368072,858355.8191,2033304.974,277.8081464
816920.1418,2806222.354,261.8376252,998726.8715,2444554.587,111.1072896
910719.9862,2520735.314,148.5545925,850316.2758,2610208.947,250.3603807
951111.4067,2762669.986,153.4471773,777653.2868,2816167.454,244.4677794
1108083.956,2321865.88,222.1441088,865081.495,3203322.753,153.7757416
901833.3907,2907635.84,279.5067027,980281.4363,2782733.04,75.24685548
823007.7236,2794119.604,160.8456235,719111.0537,2667879.948,260.1002438
802064.4384,3316306.682,63.94097861,1051246.687,2262074.982,206.2986409
897353.0635,2520127.198,156.8974344,906539.7853,2233122.338,181.8602161
966432.6899,2970190.119,63.41270982,980281.4363,2675431.965,72.40603858
1037971.114,2260685.797,167.5005596,820509.8736,2821151.274,82.71102718
924358.9185,2718106.784,88.78460149,743155.8778,2726704.026,261.417282
1158197.27,2523796.939,117.3980512,1004326.26,2335123.591,174.1361594
987857.7988,2250421.671,176.6516245,949986.8413,3084163.409,91.73680606
766784.214,3213953.903,240.1522925,870134.9955,2461506.733,268.2132826
895376.09,2447246.613,160.6244313,847214.7368,2568217.765,251.515235
895398.7031,2972439.782,85.46050477,934648.4487,2619796.243,302.4513445
852814.1257,2952757.169,244.8088834,903415.6333,2092466.202,191.5014948
853302.3186,2498561.399,161.0253769,868158.022,2763122.375,284.3598481
998704.2584,2394434.625,73.70832305,853302.3186,2738353.405,87.43650355
995897.3421,2308765.482,91.22473906,870112.3825,2264021.511,264.2787753
953088.3802,2923113.907,84.83974864,1003201.695,2638186.535,96.92384037
860606.6715,2662013.349,176.2442045,777925.2963,2856687.818,251.9627557
1012365.804,1984990.977,195.6991215,1141850.674,1943110.108,228.3225064
945489.4048,2330603.071,153.2095849,888094.3501,2382388.276,188.5542719
949986.8413,2953156.456,84.29386126,738681.0543,2645912.557,277.2168086
1054416.962,2267885.057,87.51550077,836467.5294,2696218.721,261.2870695
921372.8757,2530365.683,248.3963841,1054439.575,2555536.106,91.46645222
990338.5393,2429106.501,289.6644099,1003179.082,2330937.353,90.47246324
955569.1208,2706546.398,307.6954852,930168.1216,2455317.833,168.8605078
874245.6037,3200523.225,59.85504194,906028.9794,2337570.889,272.3124673
895398.7031,3279553.825,66.79880317,995897.3421,2686154.26,85.08436557
797101.4221,2715677.869,253.8941608,921372.8757,2253749.959,277.0686656
854217.9259,3059637.273,284.5479121,1033496.29,1790602.736,176.4407231
906517.1723,2135713.681,165.6838485,777925.2963,2936740.456,252.3349853
878930.2414,3405641.349,70.8057453,904904.414,2193784.737,272.1720982
899873.5266,3218380.452,78.90589267,912696.9598,2508461.226,163.797971
767295.0199,2804271.532,157.9847532,983382.9753,2562558.642,87.26525069
727539.972,2958701.787,247.4945995,1054416.962,2089761.347,98.1728203
956630.487,2115682.109,91.92510065,1091737.359,2746312.242,115.8751185
1088635.82,2849336.381,111.0467725,1033496.29,1773223.259,178.4797955
874245.6037,2678541.714,159.2312548,899873.5266,2860674.376,175.3073057
1001133.372,3308766.39,98.82787672,888094.3501,2784895.629,101.0251588
852814.1257,2908129.255,244.3793686,1078345.425,2074330.003,302.558958
761184.8251,3051879.951,246.6584878,795976.8567,2644339.758,261.2392515
977573.7722,2575528.03,69.00068973,1037971.114,1985950.295,185.7958513
945489.4048,2757282.343,69.04985146,1012343.191,1722543.074,198.1200443
1067715.148,2381170.399,200.7233962,735579.5153,2924581.619,244.3950851
862583.645,3180979.36,65.89989153,985880.8252,2977927.593,87.87895153
779630.2603,2508846.747,257.4570288,963934.8399,2362722.752,105.0305022
1067715.148,2706415.461,121.9489094,987840.6893,2015592.149,316.9223901
851720.0759,3089730.679,274.6472968,1047135.222,2190577.521,104.2950695
1033496.29,2351551.531,74.87368441,951088.7936,2354431.976,177.797771
983382.9753,2103880.523,190.9406413,1033496.29,2232829.992,90.47704251
951088.7936,2985105.974,64.05416594,953065.7672,2915698.128,75.66150279
1067692.535,2043784.103,207.2418945,930168.1216,2442560.196,179.7913109
782128.1103,2887572.314,255.6045048,1004303.647,1949401.471,181.2147572
1035994.14,2039288.215,183.8060941,905455.806,3144338.798,275.2149316
777653.2868,2634983.127,273.6858963,910719.9862,2485782.336,170.8394248
956630.487,2115682.109,91.92510065,826084.2506,2722221.495,263.2106437
1054416.962,1756681.344,192.5334853,905392.6069,2326654.388,86.5020288
1037397.94,2562406.917,200.1902542,1106959.39,2231467.058,212.099376
865081.495,3150885.953,75.80050681,998704.2584,2142096.063,96.55343541
961105.3105,2698539.036,73.90842425,762309.3905,2650617.224,273.9739292
903415.6333,2153284.765,166.0411159,1001224.721,2695353.592,97.78954908
844507.0727,2375937.05,279.9078044,862583.645,2900828.659,158.8877998
783252.6757,2971468.74,247.0916578,955569.1208,2624169.86,311.9803062
886580.8441,2407751.421,278.9782961,1004303.647,2644106.275,76.73906784
818044.7072,3072266.099,243.8889806,983382.9753,2453896.661,108.8638037
823586.4006,2313354.941,281.1545226,844507.0727,2373613.151,284.5648551
878930.2414,3315719.752,65.92585594,969417.8672,2388834.985,315.8429443
888094.3501,2447385.336,186.3085234,1108083.956,2402671.138,226.2725968
998726.8715,2479666.326,107.6940866,948590.9437,2607133.027,69.66294832
984756.2598,2240744.319,174.5403046,969534.2288,2282545.685,169.3156482
945489.4048,2545423.702,76.34100903,1003179.082,1871330.62,178.4752163
738681.0543,2648236.456,272.5597579,931571.9217,3531473.299,99.7012838
812445.3183,2725430.885,277.6371518,770348.9338,2671776.215,246.6387754
727539.972,2917586.6,266.2588553,892569.1736,3391202.094,76.31094746
969534.2288,2617042.2,98.74714565,985880.8252,2967147.416,72.34516521
793269.1925,2929722.282,249.9214206,738681.0543,2761208.218,242.1550784
868135.4089,2505322.269,277.4666695,836467.5294,2895745.517,249.8121993
817408.3347,2921836.732,151.6745052,984786.7754,2769194.745,190.9880761
977573.7722,2057725.015,191.591533,1069669.509,1871452.668,209.4171591
871236.9479,2475289.776,242.1467199,1123427.852,2774278.444,119.8114117
947488.9913,3033451.558,77.70770281,879276.4912,2036290.44,273.2493337
991422.5186,1920306.324,162.4315134,951111.4067,3237332.298,68.06240249
777653.2868,2946248.423,239.7116808,1038522.506,2746074.125,186.5264306
998726.8715,2082375.423,172.006207,878930.2414,2910764.294,84.64414276
1035994.14,2447334.972,95.05224154,812422.7053,2363549.082,268.2139882
1016454.655,2659587.634,109.6326589,1004303.647,2066706.617,196.0178166
912696.9598,3023056.439,74.12867702,1070816.687,2883256.929,105.6469666
1001224.721,2760316.274,91.43411895,910719.9862,2783778.962,89.59635075
835342.964,2824384.635,249.0933225,1022076.657,3169383.289,114.8995316
1001202.108,2166654.238,192.0902629,900429.5905,2210909.451,254.9489671
993440.0782,2348862.257,286.8958405,966432.6899,2848426.44,84.02654188
777947.9093,2756802.522,258.3001846,904331.2406,3177955.092,281.9939224
829185.7895,2823371.95,247.2500183,910719.9862,2894923.369,69.84713448
862583.645,2790312.08,152.6146717,1043553.393,2008516.739,318.8824681
1040499.479,2778746.193,187.1528233,905415.2199,2946035.074,80.88059739
927460.4574,2837675.508,64.51351354,773450.4728,2571075.975,246.8100708
949986.8413,2496626.241,171.3958219,852177.7532,2752175.267,84.25485934
943807.0538,2937656.944,68.61762285,959150.95,2341050.128,182.5107186
852200.3662,2549442.655,166.9517475,1001202.108,2532947.875,83.85893002
797101.4221,2855906.405,252.8919582,1001202.108,2055641.115,179.8187223
1161298.809,2342757.889,127.2247653,1001202.108,2249914.679,159.5409433
1054439.575,2075300.012,173.966285,868646.2148,2809063.97,90.05221915
828061.2241,2937040.883,254.4012388,1108083.956,2319541.981,226.8011595
906028.9794,2345754.741,260.5127103,1035994.14,2121447.245,197.912675
1086137.97,2336249.143,122.1275628,949964.2283,3073497.748,75.01656747
991422.5186,2203053.348,96.77714851,963934.8399,2528518.49,87.06799088
818022.0942,2924982.573,243.26893,913821.5252,2732171.304,103.3841429
963934.8399,2440920.792,77.53105084,953065.7672,2320831.81,177.2010866
871236.9479,2271325.555,278.9617523,924358.9185,2333731.527,178.0309004
805140.9654,2601366.076,246.0893132,865637.559,2307815.407,254.2107582
684341.6352,2860336.089,250.7882007,1036024.656,2617916.867,133.4453468
906517.1723,2377829.587,87.43792446,895376.09,2584852.868,150.4945174
818532.9001,2609742.982,180.1135776,1003201.695,2565190.163,170.3410725
897353.0635,3052854.508,68.94532625,1047135.222,1729861.675,202.5998625
802087.0515,3196718.009,76.97453069,900429.5905,2205370.048,256.1737066
906517.1723,2577642.555,65.93540595,1033496.29,1687345.045,189.3599537
812445.3183,2788069.668,275.9387724,854791.0993,2850561.484,255.1723725
761207.4382,2824990.204,256.851223,783252.6757,3178540.596,244.7814981
919304.5524,2828198.666,274.9490818,1075291.511,2789156.094,121.5970757
735579.5153,2665807.539,272.9170252,836467.5294,2782870.661,244.0864404
1036024.656,2675658.912,108.8857603,775970.9358,2984368.973,258.7234675
676302.0918,3079819.081,247.8842286,808242.5043,2498341.937,250.9176593
1001224.721,2774939.783,84.37787209,947488.9913,2651414.981,93.16217767
809368.7913,3561206.555,59.20234749,814422.2919,2456742.069,267.0675376
948613.5567,2306518.61,189.4921758,956630.487,2211076.498,84.8876602
871236.9479,2445737.215,258.873709,676302.0918,3077495.182,252.5412793
910719.9862,2298003.465,173.320923,900429.5905,2348061.469,254.8475568
1016477.268,2879537.485,190.6395482,951111.4067,2867647.162,160.9450449
997021.9075,1994333.051,193.4556356,818532.9001,3271024.416,64.06252445
916319.3751,2749811.982,150.1920986,1003179.082,2262883.371,166.8634591
927460.4574,2700535.701,88.42733417,997021.9075,1970165.006,186.9647767
796753.66,3518353.995,67.06,942682.4884,2663874.101,165.9159346
693255.69,3036895.46,229.14,816897.5288,2626869.229,259.6203037
757699.72,3534459.976,63.06,945489.4048,2322705.39,154.9816936
688784.3,2778502.137,243.51,847214.7368,2454283.011,262.1375953
815369,3298182.601,69.26,844160.8229,3283466.443,157.8059917
929430.76,2559237.47,172.18,819999.0677,2935627.366,255.2484966
994332.32,2406860.607,87.36,876222.5773,2831455.341,82.63203264
927819.04,2169113.79,169.05,916319.3751,2610313.898,174.6532884
645158.73,3095282.63,243.71,895376.09,2697727.724,156.2202763
801972.66,2665955.536,275.26,969534.2288,2262089.689,172.2555131
984386.24,2221477.598,86.3,820021.6808,3166005.671,251.2303028
1029365.71,1943823.77,152.31,910719.9862,2292603.048,178.8787661
1104321.05,3300299.567,98.2,1075291.511,2789156.094,121.5970757
1152217.56,1862681.6,212.32,1004303.647,1959405.543,193.1769997
782148.48,2884791.519,238.79,1035994.14,2448087.592,98.80849983
762641.62,2583618.969,244.17,904904.414,2713725.951,260.3724714
945441.95,2653616.165,83.18,998726.8715,2387420.83,107.471248
1105512.1,2285600.91,181.28,871259.5609,2512820.918,273.4822818
1114984.01,2586411.84,159.33,998726.8715,2070370.405,186.6932684
895168.88,3016388.785,78.64,634228.3204,3562545.506,242.5719532
937993.79,1994643.21,183.09,895376.09,2647526.029,152.9058195
1150449.29,1949715.52,211.19,879299.1043,2300879.113,288.6724436
845573.05,2507884.905,278.94,909037.6353,2785631.096,158.5600964
798851.15,2576113.399,242.32,980281.4363,2323424.689,177.0343705
1032233.52,2335963.854,91.22,854791.0993,2646362.446,269.9971762
1100890.72,2269791.83,154.73,865660.172,2343954.526,274.580025
719190.08,2853579.112,248.76,727539.972,2961917.292,250.9269107
913448.16,2123209.143,264.66,895376.09,2897631.763,81.06682576
801241.1,2879842.9,244.99,815524.2442,2420743.027,255.3163602
819856.92,2418439.42,178.14,874245.6037,2858365.133,154.4525079
1031265.65,2498774.22,152.02,991422.5186,1715092.939,189.491875
926483.89,3049546.342,81.62,1012343.191,2299942.732,78.84129553
795485.81,2828222.632,240.21,916319.3751,2690366.537,175.025518
645158.73,3095282.63,243.71,820509.8736,3221319.947,68.97373817
905369.34,2916551.741,78.66,912696.9598,2191387.331,172.8970158
821742.32,2334313.08,169.17,985880.8252,2325107.193,179.8113643
965033.48,2638600.02,84.92,764286.364,2479221.538,257.4043687
934334.2,3260346.369,81.67,783252.6757,2951479.192,263.8154293
927668.0328,3284078.458,77.58769189,1017579.22,2724882.663,131.9313579
660689.6937,3511525.595,239.9696156,998704.2584,1685565.848,183.655396
778739.4855,3207841.933,146.3573488,823563.7875,2025986.373,273.3283282
799173.9059,3139668.431,250.1882029,956142.2942,2018324.033,277.2732834
955455.4914,2074618.533,183.0710777,711071.5104,3221781.933,241.9484729
1178684.473,1871496.972,192.1363535,914068.5228,2106282.202,280.140454
865265.512,2223138.818,260.9438773,910719.9862,2760825.703,88.75048115
1113044.767,2100470.244,212.2790565,711071.5104,3311703.53,246.8283623
707345.7019,3091966.662,241.1107223,995897.3421,1900857.711,184.3116952
964407.9954,2966711.879,163.0019276,836467.5294,2726069.664,258.3448423
865128.085,2548349.282,259.4092371,628245.27,3191990.37,147.93
1105713.728,2015927.691,318.5528986,902198.02,2031624.336,283.71
922708.33,2453718.558,161.6719236,1087699.85,1591336.63,214.24
888724.6155,2367169.521,269.2524413,1051300.29,1634190.79,194.13
1024806.314,1993673.838,183.7824866,952327.13,2770765.691,82.81
913827.054,2170536.967,163.7183953,1051082.55,2272631.542,95.51
1018571.827,1762372.887,177.3861814,926086.4,1809785.78,173.82
810590.4303,3117189.295,154.862351,947327.77,1914669.95,160.73
660689.6937,3453430.807,240.4908791,795697.46,2659507.768,265.35
896382.8723,2506911.517,279.3465731,984288.07,2042963.107,296.75
808957.0689,2725765.84,253.7510508,801936.03,2482063.704,263.22
947839.2153,2126135.316,275.6093361,1062432.66,1951828.71,192.33
1182135.083,1733891.076,206.0992186,936798.86,2833821.563,82.08
1058219.764,3315050.536,107.221619,654350.94,3080920.483,248.79
1009544.189,2395256.671,163.924341,969693.11,1699847.74,189.37
1240223.847,2051153.384,134.381112,752430.79,2664913.51,148.09
946635.408,2787584.459,275.1631652,874256.81,2377918.724,285.42
877552.3662,2299923.196,266.7988054,879971.26,3202762.022,76.55
736155.6367,2865601.267,235.4528937,1102796.88,2510914.805,97.9
819456.3277,3106613.975,266.244376,967347.02,1713748.49,187.8
888697.6625,2469958.465,147.4326765,895965.34,2955862.128,77.45
1096612.978,2097831.933,190.854987,991272.76,2907557.85,167.65
861566.8902,2666528.318,145.5612594,931567.61,2334274.652,289.17
929478.1787,2482562.56,182.553697,1052118.15,2315670.501,337.86
878831.0382,2568820.645,162.7140972,1100597.26,2263901.264,99.32
762438.4878,2822244.959,255.3239694,928265.27,2243326.03,176.54
844213.5918,2593396.387,263.4749887,870785.87,2553157.642,282.36
1082634.572,1701037.878,190.6727429,799527.01,2726105.826,262.43
971778.3916,2740062.26,90.40334848,1125756.43,1957136.04,187.14
917090.8151,3368255.648,73.35665748,1032475.82,2288611.17,190.11
831678.7252,2904654.426,157.9858035,662012.53,2786413.58,147.86
1132596.488,2220671.086,217.556845,1107617.92,1890871.77,218.47
997746.7698,2744604.306,162.5712671,919022.47,2505877.085,289.19
869769.0903,3327719.969,65.19913118,981005.66,2534808.796,333.89
637857.452,3511525.595,236.1120893,927796.34,2114825.224,274.25
962297.6939,2809362.856,82.59825315,823442.85,2533203.933,261.96
956608.9511,2663225.78,96.42585109,823457.27,2058270.332,270.45
938179.11,2369086.045,164.3707708,778164.38,2282246.181,239.03
887849.7413,2465835.068,162.4051542,835166.35,3293185.51,71.19
915607.3754,3008822.637,83.5526384,985246.29,2779793.021,87.45
695548.2824,3451174.421,238.8434519,1075748.53,2379223.38,193.77
959255.7397,2671997.267,89.56853097,695690.75,3215296.21,152.55
819209.4127,2856135.424,142.624674,780289.72,2640597.565,239.88
1002696.936,1936818.593,159.0046226,775944.9,2685447.388,260.04
1240223.847,2051153.384,134.381112,990743.57,2109146.78,190.39
870833.6057,2369081.154,248.0414988,1050317.63,2078215.97,194.85
957560.7423,2536530.265,155.9131888,956277.33,2593854.199,84.65
983315.3038,1799212.698,169.1099614,945339.15,2516421.805,84.1
1037555.525,2301935.156,70.27212897,839584.57,2527111.96,155.96
1015166.249,1858387.767,170.3489359,927688.21,3551136.885,81.77
979727.2674,2149383.131,152.8165956,631410.38,2780953.79,157.13
915744.8025,2319649.93,169.853328,1095372.294,2632118.916,107.3402894
842295.8433,2350033.837,255.2893718,969346.6735,3177375.298,100.3591003
1027124.728,2847971.134,101.2809352,911050.1616,2277994.14,279.6720195
950483.9517,2527594.97,298.4038138,903513.8008,3173910.881,287.7129204
1060463.502,2597607.097,103.0192951,936676.3451,2753585.622,172.7153006
945677.9988,2673829.187,83.2316497,921556.6944,2100577.582,277.6151532
985095.6253,2599123.828,87.63707491,870060.9939,3053722.394,161.2010208
795639.8351,2856844.149,257.4315209,908459.4226,2486872.197,278.4929172
715116.763,2839122.334,248.801942,985142.4993,2030377.217,193.9157747
829148.0213,2815005.454,261.648023,918151.1162,2195263.676,273.8965642
845492.2638,3082491.771,75.6790161,957284.3556,2495191.131,169.3209913
1182395.59,2343789.344,127.4908557,795794.3116,3100378.439,260.8845843
867183.2606,2268185.922,268.8671552,821086.5722,3331922.882,71.96517344
980111.6095,2212009.958,278.4361654,913773.4184,2629959.14,163.5595088
911776.8193,2716893.366,276.7482923,808836.0927,3160247.694,77.32077998
1007667.36,2090429.503,167.9962438,847742.9608,3065686.118,65.24256493
938439.6171,2980566.173,89.57918507,851398.3379,2627810.078,257.0114545
980797.0947,2720775.241,91.29634727,817854.7958,2708285.507,162.8420796
1049295.797,2064047.842,189.7302434,949922.8939,2914488.444,77.04443156
839506.406,2967277.43,244.7962878,889359.1648,3032623.341,83.18836657
1016509.377,2916528.518,97.31947241,676972.7623,3156535.341,256.0400768
847944.2171,2702019.466,275.0793465,831762.5167,2941754.632,156.9924979
1058314.5,2502037.844,102.9292059,1015112.613,2249207.976,172.7874035
1149056.816,2241633.122,213.4211258,1016002.682,2815911.153,100.9789435
957556.1978,2657277.294,150.2598301,861980.1001,2518575.191,268.362978
926148.2185,2628899.411,167.3249851,1058304.11,2001583.106,198.3034575
994114.3284,2609675.132,90.17783058,754182.6521,2972995.739,247.858581
770647.8707,2798354.942,240.7143104,878324.3426,2388850.236,167.8312807
949839.1024,2707329.257,75.60637778,954243.3456,2703720.368,72.22050411
814436.0309,2683534.459,268.7292246,957954.4622,2343473.607,181.5328424
946388.4929,2409607.291,150.1640392,1050014.447,1777600.731,178.3078178
949976.5294,2029598.534,164.8096481,1015782.72,2079094.112,186.2540784
859262.5576,3602796.82,66.9876646,915064.3052,2501137.217,165.3839922
948566.2031,2454291.401,292.6495562,712229.2853,2896667.27,264.3845907
776208.7816,3216633.25,249.0699711,957693.955,2527739.933,84.87623966
1027453.103,2359311.096,91.91619051,978372.6505,2491412.213,85.83059867
1081146.742,2040415.308,191.8211144,817965.3812,2820638.046,265.3514457
938426.025,2702372.198,287.1385763,1010982.385,2070149.704,192.780179
1101872.518,2410456.992,121.8261576,953291.5545,2386551.807,101.5943202
889506.9827,2978744.362,78.95288739,1036052.76,2694970.949,78.27603148
1061616.962,2769282.825,103.6397712,1068810.642,1702984.406,195.7913581
948276.0433,2900316.001,73.99334373,893070.0201,2033637.268,286.8628928
743002.8898,3335481.329,243.2751928,911183.0442,2118221.719,277.7846214
973435.6329,2279276.956,175.146644,955534.2323,2586340.43,76.94756818
813005.3482,2550653.047,244.1721593,911663.117,2588117.961,84.27006981
1123579.838,2192693.726,99.10049175,1013629.173,2419999.465,95.3516481
1042923.883,1975907.6,179.1027501,821086.5722,2895013.161,156.6689227
923999.2167,2798852.11,83.41844369,757633.2615,2877950.208,262.8733815
1015028.822,2110650.753,168.7519956,908873.6797,3068551.603,70.67436624
922845.7571,2132853.607,165.866218,956206.1254,2547297.345,175.6593731
812078.2599,2874670.294,148.9476051,1145876.846,2083612.761,131.2630813
892601.332,3352432.783,68.72602453,783473.1471,2833333.232,258.772905
850722.9334,2331613.349,275.9677552,1168311.153,1808785.082,211.2801338
778375.6871,2900000.682,238.9615591,1051932.195,2022545.142,190.310212
899869.9118,2916019.723,65.70382663,992433.1042,2328613.576,299.7782316
889369.5556,3226661.834,74.69629296,915064.3052,2530975.542,167.031749
997085.5977,2294804.932,160.7492429,1029346.869,2297736.507,309.7417547
1047775.983,1742992.712,193.0537304,930987.6023,2986263.479,102.3604127
879077.9532,2844012.01,286.0031663,1075624.307,2492352.484,120.9406223
857246.4385,3162796.547,69.13068811,1062438.728,1689373.503,189.042942
1088721.249,2233066.699,97.66470198,1027580.139,1729746.477,187.6071523
1041650.984,2067402.576,306.1805336,939549.2438,3044778.508,78.00976026
1075857.449,2890396.549,99.56911786,1133452.565,2270533.353,126.7137936
781154.4034,2499756.241,238.202211,868749.9488,2354618.358,285.4085618
880748.7867,2991100.822,82.63811213,847990.9733,2217603.025,253.7279815
986621.2123,2622215.262,195.8954837,806438.2714,2767810.398,262.7937176
821096.963,2935427.223,150.1458306,948473.7646,2538142.17,173.927786
725644.5595,3248154.316,234.8212821,1027442.712,2360824.395,101.8277262
924626.0786,2604413.382,171.6236335,768002.3671,2908105.621,256.9882544
1124704.76,1948834.457,210.7180661,983261.6683,2286891.336,166.7820545
936616.0509,3148810.217,70.78795968,894927.2585,3249382.506,69.16890307
1090968.051,2781073.972,113.4881554,901783.4461,2982512.7,90.8402739
758983.3339,2997790.28,236.559642,997211.5366,2588870.538,194.3001746
949083.5769,2041029.43,173.7607083,1027580.139,2088583.209,100.8627131
978287.7331,2521388.377,101.3106582,823444.3432,2705459.187,280.2673194
1029606.649,2494079.105,93.86976063,924748.5704,2415668.882,179.1619083
957964.853,2720775.241,87.43882097,831625.0897,3194017.618,155.3955576
872264.2884,2390898.5,275.619481,1089532.028,2227406.393,202.6350705
746967.7078,2928135.728,251.6886734,936676.3451,3276164.862,87.47802985
1002696.936,1979927.748,157.4191658,1191143.395,2133048.876,129.6380504
927805.4599,2527632.573,163.1670791,762384.8522,3227115.993,253.8479589
957560.7423,2506691.94,154.2654319,1135370.313,2305720.333,135.5512681
900124.1008,2283969.787,260.2729468,1036461.415,2474550.603,100.5262983
994114.3284,2271205.701,173.9319827,1016675.672,2057803.092,178.2172148
828476.1282,2485740.782,245.0426134,983332.3533,2392121.477,173.3351438
850722.9334,2321753.226,276.8819517,997891.7099,2288432.91,81.74794727
828228.1158,3200810.647,58.75162348,931044.7493,2181842.508,157.4136175
776208.7816,3259742.404,247.4845143,976123.7961,2404948.147,104.1970227
947458.3202,2535811.416,178.0785139,948265.6525,2523014.367,168.0873652
1074200.208,2977359.487,100.5060682,969751.8816,2371359.044,94.88665325
982697.804,2142275.27,272.7070851,953407.6392,1980086.62,284.4723985
953967.6618,2734069.054,101.7201209,818102.8083,2455729.134,266.1525255
889506.9827,2790289.04,77.7763519,881272.6007,2411241.367,283.3407985
924626.0786,2942882.813,87.86948141,978510.0776,1947585.674,174.8932805
971517.8844,2565491.854,80.49118488,960898.0458,2304568.774,181.9009179
948566.2031,2338783.558,291.5353208,831668.3344,2763036.421,166.6156159
782224.2307,2777369.934,262.6674352,924748.5704,2443925.346,176.992888
911776.8193,2726753.49,275.8340957,941583.2667,2887918.361,69.78874631
950429.5895,2637872.737,161.3842235,953291.5545,2376691.684,102.5085167
903315.9768,3045830.932,76.20175612,1163283.583,2521100.638,144.3950271
1021617.228,2386092.231,194.5901731,880434.644,3287394.573,75.46964274
856203.5642,2604805.069,251.4281743,806300.8443,2821757.939,260.9344383
792189.2257,2867500.216,239.4518396,936015.173,2869474.642,84.07054878
778986.4006,3439924.143,271.2318746,875534.9053,2911844.243,155.2875125
852548.1871,2605771.388,144.363034,722331.7073,2869129.655,244.388286
980536.5875,2517948.37,83.55320405,1141742.228,2339309.436,144.8616375
760738.0016,3192965.349,248.2349177,992186.1891,2460493.608,90.13765639
936934.7483,2454191.931,266.2193986,936813.7722,2574270.115,174.374541
938572.4997,2506390.082,172.2772002,1077734.609,3002221.765,113.6756666
919505.733,2243238.437,252.4672224,889359.1648,2655390.269,171.1876296
1044449.47,2847714.766,113.4133171,961090.5988,2791241.848,166.0636764
936659.2957,2693116.206,82.33865091,1006093.91,2268494.996,171.8944047
739468.819,3077369.861,250.1878777,897705.9749,2433788.405,159.4920349
852548.1871,3042681.109,59.6592847,847990.9733,2247441.35,255.3757384
1015166.249,1886897.305,175.3153492,792481.1293,2947604.76,251.6018764
948946.1499,2405938.342,172.9596284,997240.0742,2607194.262,168.7403859
856203.5642,2623201.409,250.1733504,789041.2408,2809469.661,250.5746009
1030499.602,2132989.868,172.9057055,726860.5469,2863527.354,250.5296508
1065756.125,2334744.332,96.2158372,769293.2539,2665357.716,261.5152796
1041006.134,1902604.032,173.3484925,943732.2684,2630967.357,157.5474656
853468.0926,2476956.81,261.0385214,794377.6141,2371372.434,268.303431
1030499.602,2037460.225,174.3534235,999322.3925,2082844.89,190.0591647
1027044.448,2702884.545,68.38569352,911050.1616,2266552.156,276.7694387
997085.5977,2294804.932,160.7492429,1163283.583,2521100.638,144.3950271
1039518.305,2143541.172,175.4464612,992323.6162,2178392.298,90.08683981
1213256.988,2344966.647,141.038925,1027174.931,2477667.942,193.6008628
1101872.518,1948834.457,206.8605398,900676.5115,2378445.879,278.9895913
1060387.767,2321913.356,76.69160868,1051932.195,1909899.215,189.5143515
790253.3866,2655394.134,273.6382083,990392.8211,2534525.472,75.48077721
1024806.314,2430583.559,99.07873729,731350.4104,2849842.635,245.2812848
876201.9637,2278737.227,271.4079109,988873.0068,1889206.549,164.3038739
963993.7383,2792103.869,284.4689724,975002.3212,2732435.288,105.7648781
1051942.586,1919827.9,182.5053966,765842.6445,2802963.611,247.5524145
957337.9911,2699897.641,81.70755312,874900.6862,2389094.248,276.9330098
814662.5896,2496292.087,243.7258427,1036598.842,2070878.05,105.5724891
970273.5228,2319335.738,269.0719939,966040.7651,2379085.548,73.24294501
905918.5658,3241332.675,67.60750784,857009.6764,2361167.558,254.0743105
859399.9847,2860654.835,155.7880075,1168571.661,2317479.407,134.7784912
1182533.017,2091526.358,129.087796,968003.5449,2526559.018,94.17249134
936616.0509,2600189.377,159.6745198,734801.0198,2960757.81,258.1639587
914334.4762,2620298.738,296.919628,923945.5812,2818502.646,167.6449315
1045527.7,2499699.485,191.8810228,906044.5047,3122010.41,186.5857549
908751.1879,2763226.401,153.3397755,878777.4027,2937447.79,161.1103423
1002696.936,2386999.144,71.06765966,1023978.511,2210376.192,286.3384489
970030.0548,2389497.474,169.8548562,1138960.064,1821157.96,203.7385088
871059.9771,3180501.706,68.27843837,895716.8087,2002063.254,280.4339063
970030.0548,2545350.818,170.5407579,830105.2753,2868771.786,161.7193261
938179.11,2919921.749,76.96447965,975245.7892,2149554.436,289.30509
933208.6862,2258584.29,153.7936927,941720.6938,2567053.41,73.98304067
957693.6249,2783829.24,67.67428465,1077144.122,2356228.855,206.7866697
710178.324,3122135.727,238.3847635,969751.8816,1936031.184,183.4071798
938577.0442,2756559.651,89.007105,726042.8239,2876255.842,266.6155579
660689.6937,3481687.271,238.3218587,957693.955,2746033.579,87.70053204
909142.8039,2087669.429,262.8919908,917422.0762,2271884.795,288.2488285
774862.769,2629650.067,260.5322594,1094289.673,1661550.267,194.1340945
913417.4546,3063842.078,71.27732384,989544.8998,2625542.616,94.55777742
854715.7346,2876227.587,254.0120058,901156.5843,2795921.633,85.33730085
1085281.36,1687860.204,182.9889327,992186.1891,2460493.608,90.13765639
678327.3792,3129980.762,230.7316577,994241.3647,1951854.049,188.0378127
851451.9734,2356843.226,258.3468765,1052065.078,2225153.103,99.83998733
892148.2719,2803835.229,75.44696289,1074897.319,1789825.242,192.2180402
1111155.556,2365310.417,91.33024833,943732.2684,3110986.232,71.25825956
958212.8654,2078652.855,273.7921109,981812.539,2666593.066,91.48366015
1126362.001,1916422.657,211.0982397,1055582.54,2304572.864,82.7032226
774725.342,2872052.929,259.8495156,1011229.3,2262533.466,316.9211445
949976.5294,2165084.578,168.4858369,784759.4894,2921089.786,260.8114912
924874.091,2304304.077,272.384384,970015.1195,3015940.701,90.1305863
1079568.566,2955617.525,121.2751262,897236.6231,2230450.656,278.8765123
1149056.816,2575757.04,127.0073196,1036598.842,2139480.015,102.9751351
812078.2599,3364549.293,61.74420253,936660.0223,2574232.512,305.7537493
876201.9637,2333288.365,272.7250348,969491.3745,1906806.945,176.2570085
936521.8686,2508469.471,165.4454599,1052792.066,2117981.328,205.400734
951715.9318,2659636.167,159.203105,830105.2753,3417392.626,72.83276595
1002696.936,1925376.609,156.1020419,828471.9139,2381818.688,262.0557438
857916.545,2972704.482,80.03540967,1085270.97,2096444.9,106.5489622
806576.2868,2961066.322,262.736247,997074.1095,2841133.524,192.7032343
962227.009,2248826.653,162.003737,624033.5226,3473773.674,240.497144
1017083.997,2357412.146,95.63229718,943869.6955,2858723.246,72.85519986
803986.6451,2547990.906,242.4526703,920199.6951,2553270.476,309.8894685
901620.0351,3344587.748,72.52160405,1085270.97,1669395.303,190.3385149
1135479.075,2105215.345,204.5651788,891409.796,2694289.383,175.254528
1033962.444,1705309.352,191.3440267,1016922.587,2503053.439,303.9376432
1168177.941,2121861.008,194.2555199,772698.832,2543048.161,265.0663807
1063838.376,2279837.104,89.20675579,897952.8899,2791787.372,281.9292075
842693.7775,2282201.381,265.8842792,872095.0168,2755312.804,155.5150608
875655.8814,2874573.662,246.2804736,958847.4147,2753966.799,86.81383966
939918.5123,2990587.462,159.104855,958984.8418,2458594.658,89.99623676
851060.3575,2775342.91,150.2154798,847742.9608,2992738.639,65.18026485
805506.4594,2810951.247,239.6504468,746461.0122,2790725.683,257.8577922
803929.4982,2988449.634,272.1655149,935259.6476,2145761.76,180.5893804
1182395.59,2325393.004,128.7456795,831625.0897,3532487.049,71.64140554
994597.0411,2622067.143,295.1658219,943736.8129,2518756.544,162.860197
757699.72,3534459.976,63.06,1059033.15,2264078.472,99.03514696
693255.69,3036895.46,229.14,875926.5213,2333398.775,267.208787
1091880.24,2066126.248,96.93,711820.6301,3240240.72,240.8540937
1091880.24,2066126.248,96.93,857009.6764,2278359.955,254.9262069
781807.8,3196533.415,64.55,847929.2818,2775398.077,280.1064845
1017167.32,1928959.38,150.81,994090.3455,2448502.3,298.7629929
811928.71,3350870.994,69.11,980526.1967,2661644.116,88.59317753
815762.31,2620946.06,141.43,874873.7332,2413810.204,153.0725552
631301.13,3194057.443,220.75,1121655.145,2231205.931,210.4574021
1030860.77,2172682.93,180.13,958847.4147,2699415.66,85.49671574
747968.47,2947455.12,147.46,969751.8816,1994125.972,182.8859163
851112.92,2316210.135,278.82,930987.6023,3004659.819,101.1055889
1304053.01,1904839.38,165.6,899865.6975,2500555.875,167.6207452
1113399.86,2409387.719,99.21,865211.8765,2640000.627,259.7330554
947712.94,2680273.6,157.98,797009.9689,2961722.707,255.9148481
1026392.95,1952785.15,180.44,862240.6073,2646239.72,274.5635521
940937.4,2898105.77,155.46,826984.0843,2782954.687,267.4992683
1014033.61,2602712.192,89.8,769920.1157,3007703.864,266.2286563
637798.81,2845830.95,159.83,1027580.139,2191369.012,102.5727701
987176.54,2063836.55,176.98,810921.6913,2691945.332,280.7496258
1050661.31,2776373.055,95.34,908459.4226,2541423.336,279.8100411
732714.22,2925591.719,233.4,720674.4659,2883145.114,245.2629363
878298.1,2382146.634,287.42,855945.161,3271571.708,70.8390098
800395.39,2566936.989,240.58,901250.7666,2968965.544,76.37318517
1097150.42,2012027.955,324.01,939411.8167,2889970.097,162.7643261
669016.65,3086218.625,251.71,814647.6544,2682963.677,248.3869471
704831.1,3125304.8,180.41,1060950.898,2309125.576,106.9584249
833036.11,3067071.119,69.51,1133452.565,1853601.832,213.9794963
1053549.94,2404443.913,323.1,851304.1556,2351980.364,264.2655132
925637.02,2747005.733,79.72,895064.6856,2900261.091,75.5322178
821881.08,2545603.133,257.82,802632.0283,2346391.714,265.8509936
940894.46,2788730.343,82.43,997891.7099,2298293.034,80.83375074
724898.74,2841339.406,250.59,898515.295,2855322.922,87.72898994
1014396.21,2354771.53,186.65,913981.5305,2606970.355,172.4831465
910154.66,3274414.244,80.22,862240.6073,2494830.152,278.0128026
922401.6,3023226.41,278.85,1009631.982,2451689.618,108.3781242
801123.63,2696512.11,269.58,793570.0804,2910585.913,251.0353947
1199110.81,2153733.99,159.99,980019.171,2286000.603,160.6285917
820634.67,2430422.24,269.43,764915.5561,3156819.182,153.9756172
788715.17,2371004.811,239.96,854457.3313,3532487.049,75.49893185
1033299.98,2255993.6,153.42,944388.936,1987931.656,280.676819
1057040.16,2908589.666,93.7,994504.6026,2886417.399,91.99922695
930553.627,2203265.527,264.7582835,1005011.135,2344489.809,177.3458021
864365.9307,2575748.403,246.3271315,950760.8506,2021520.759,289.9871885
916678.3081,3194690.594,69.75312736,914700.5068,2225897.944,258.4788363
1005434.59,1902939.743,160.6835507,783733.6543,2976785.259,270.535714
1040177.987,1689433.269,182.8587737,840687.0375,3180659.122,82.80486543
1022691.956,2096286.819,178.6251228,817854.7958,2755191.385,166.5536691
947962.9238,2971829.487,70.98542607,868403.7525,3013186.715,160.7585471
842248.2097,2729051.284,246.476634,767410.7542,2728273.052,275.9377405
917916.0615,3120993.671,67.34487818,800749.5286,2477909.015,277.6761005
918381.9374,3070272.539,72.20484983,1134972.379,2101709.483,210.5937092
855995.7505,2825984.318,254.7775496,970015.1195,2576169.064,174.5159606
917443.1176,2356622.697,268.4343734,1133452.565,1766350.453,210.6962405
855522.1223,2865290.268,155.2142481,958984.8418,2155589.121,174.5593976
1038120.089,2899539.5,103.7008177,936660.0223,2491424.909,306.6056458
1040177.987,2088915.428,95.59892482,878324.3426,2766083.308,79.83201766
895348.0736,2369107.051,182.2387501,809768.2317,2387256.377,282.3235764
855995.7505,2912969.566,254.1612457,879256.4816,2104254.322,283.2893954
754439.0977,3137226.984,235.6496681,831050.8346,2992173.01,272.9152814
947497.0479,2887094.635,79.62970774,1060542.243,2328435.232,168.9275376
1057423.881,1929102.651,174.8876994,1001204.892,2564359.692,89.75042505
930079.9988,2265503.861,166.4837695,857236.0477,3192566.31,76.87320343
904514.9683,2371912.639,172.2938241,1050014.447,2269061.591,94.92119247
912593.9673,2902925.433,77.29062508,867171.7724,2935696.656,301.2763798
990762.4876,2608561.399,190.1334961,1087699.85,1591336.63,214.24
1110501.068,2133282.18,99.20942646,926086.4,1809785.78,173.82
895507.7567,2913568.13,65.41981076,868558.21,2018307.244,287.25
881309.3516,2757261.879,162.9953896,599117.26,3480410.864,226.56
930251.1543,2749839.918,94.99071621,1007929.75,2079192.95,88.88
702449.8065,3099179.512,237.550867,1051300.29,1634190.79,194.13
912593.9673,2427919.552,162.5137541,654350.94,3080920.483,248.79
895507.7567,2482187.516,169.8234872,804970.62,2717219.306,279.44
1070049.557,2370581.057,95.94195898,965034.63,1728037.91,186.35
746360.0987,2993887.223,272.6987833,854406.22,2468977.101,284.89
737193.2041,2945141.429,266.8657165,986161.22,2383776.32,87.11
890476.2462,3104100.147,72.44411332,885156.74,2893733.239,287.19
939246.8934,2249884.266,156.4291357,972248.19,2564957.658,86.24
1035306.16,2099319.865,170.3639733,756235.6,2897249.309,240.91
1139102.227,2428174.197,125.5740604,951638.79,2109199.36,292.49
754439.0977,3157240.874,234.6111881,752570.52,2764188.091,257.35
777644.7144,2664438.512,275.969633,948854.83,2459610.649,83.65
1077946.041,2454688.943,134.7544093,759775.79,2233840.092,242.33
947497.0479,2910967.974,64.09745345,976431.46,2268227.239,86.62
949200.6771,2260043.227,170.3383795,943804.2,2633044.527,83.99
912593.9673,2526375.657,165.8392616,1036312.72,2054626.615,92.01
965671.1541,2724320.786,101.3219086,1045909.98,2895524.214,93.13
900972.6406,2356539.417,250.1226673,1043821.27,2292779.03,191.41
1018060.266,1982829.688,192.4986893,977774.57,2612481.786,336
980473.7287,2581704.868,210.8868815,946988.76,2316788.874,84.07
939246.8934,2040569.573,169.2521865,1007443.09,2134858.68,216.92
838112.8255,2569388.182,243.4782193,770016.24,2610805.767,261.76
845062.1391,3096506.025,276.9313352,1027604.02,2301206.35,163.27
855522.1223,3295729.927,67.6316135,658574.29,2566632.22,171.66
996267.695,1881241.737,174.0280608,1099101.81,2006370.22,185.09
1035306.16,2609142.695,70.3242843,783917.3,2736930.123,250.74
959951.5689,2870931.118,62.57979287,853751.34,3292302.622,73.41
776879.905,3224282.904,150.1209586,853961.1,2294676.699,282.25
1095191.934,2643856.005,101.2110932,990990.77,2494698.601,88.53
803209.7448,2487486.933,255.9901884,927879.96,2621293.14,81.55
1156588.258,2103721.423,138.2361254,1043056.94,2211421.04,191.58
917443.1176,2349866.147,274.4894162,849370.05,2467704.731,271.19
852234.4959,3322632.755,67.14960488,858873.4,3183710.169,304.49
690461.1614,3200077.882,245.9565002,997341.24,2511793.19,193.17
851437.7814,2931574.262,60.89298388,852751.41,2741713.72,280.52
898795.3831,2482584.55,146.0071642,1100423.87,2290979.827,338.4
820153.1657,3183727.854,57.9823822,952447.38,2046258.87,293.04
771925.1292,2621697.778,254.0186763,951011.39,2900933.772,84.02
980947.3569,2623024.064,312.8009697,1022867.11,2250159.449,300.54
904514.9683,2737121.391,98.84494837,953928.19,3339161.062,84.67
1110501.068,1756747.49,191.2297821,1036649.68,2367431.7,92.16
891190.0124,2345170.94,272.9960213,735169.5,2445214.76,164.29
834784.9443,2514183.137,257.652823,715227.44,2786876.93,145.76
790755.2238,2597267.094,240.3002622,1090086.25,2269476.758,215.0646878
1035306.16,2011938.169,174.0682294,961050.3031,2326923.483,160.4045535
907165.4945,2635730.496,289.6753066,846634.5703,2376332.207,264.2248327
874352.2169,2674491.166,154.5691923,1023898.554,2539126.162,211.1705207
803209.7448,2498233.733,241.7554406,912348.6383,2590505.239,69.4493505
1066721.676,2114325.289,193.566365,921515.533,2221398.605,171.0477275
907962.2777,2567740.65,149.4972407,842873.3157,2604264.58,150.4221838
930079.9988,2186543.729,165.4885002,824516.8493,2848162.127,263.8681884
996267.695,1944097.691,156.5614475,1008407.905,2411916.919,89.50596043
817331.4153,2902982.621,154.7971285,767992.3529,2834721.905,245.6360089
959477.872,3280211.04,98.92456555,768282.9367,3189292.233,261.3752038
860604.6761,2789354.239,77.15510419,921515.533,2278679.833,171.7259595
1079216.452,2474086.034,97.03803812,863577.9912,3174667.652,79.19861789
996267.695,2302932.222,69.88044034,1017415.116,2023563.457,187.3221604
1005434.59,1899080.294,175.177325,1071267.72,2000875.572,172.1987798
939418.0489,2385846.212,183.0670692,863577.9912,3218554.881,62.62788361
1011758.344,2331216.29,215.1530005,978536.3346,1923038.69,161.9588837
860604.6761,2947747.805,60.68673081,1029232.537,2060766.927,302.6448235
733734.4221,2805321.621,255.0190021,1102540.771,2658575.817,129.9992306
1110501.068,1757204.291,197.8705284,877776.3963,2790193.574,81.98551372
812547.795,2682881.12,264.4977425,921515.533,2245271.944,155.5154732
834665.516,2396964.441,277.6760558,986130.5007,2639245.702,106.1354466
993401.878,2508611.548,301.2433217,1061485.092,1995867.196,192.1050433
829320.0604,3147989.052,75.95843671,1200013.083,2101230.849,146.1715031
852234.4959,2885486.809,155.7806939,829388.6767,2282538.197,272.3592493
912593.9673,2894900.317,78.90219838,966838.2733,2762880.271,85.24596763
917625.4777,2262442.698,152.0469998,1011986.644,2096964.79,320.1419422
693282.9118,2980690.414,248.9253869,1008407.905,2434849.302,90.79474806
917625.4777,2669949.974,63.17557762,895576.3729,2014553.806,277.6089336
886340.862,2930852.74,76.82996185,865787.7512,2748278.393,163.2006489
970702.6646,2461111.885,105.706206,846332.0976,2608638.291,183.4977782
839739.7201,3402891.183,71.117131,944094.9933,2806957.743,97.46552949
895348.0736,2745656.827,93.69011354,777159.2476,2866350.909,260.9462873
1130560.891,2628225.201,112.0554702,878209.7697,2599824.909,269.6961322
1099276.275,2488921.749,194.7931441,1073142.83,2064089.942,313.9286839
869397.4411,2325983.764,262.9538069,886783.6079,2294840.974,181.4564976
650009.651,3551082.184,239.9857944,970217.1978,2316723.034,164.203871
926792.3724,2661414.538,68.33041244,951387.1032,2864093.199,68.86046283
820153.1657,2766732.457,157.8073948,889434.1341,2545401.492,293.8214175
886340.862,2634204.052,149.5528258,851666.0807,2307530.732,252.8857185
898795.3831,2882066.709,58.74731535,921686.6885,2709921.721,106.3254112
852234.4959,2867137.933,158.1746912,956418.6136,2509643.154,91.44279065
724858.1113,3203771.581,254.0129194,838555.5713,2358054.43,271.0987934
913307.7334,2025922.678,272.4675534,943804.4095,2058796.289,192.9526002
834784.9443,2602315.482,261.7607545,869549.0058,2562461.854,262.8295315
1008893.372,1982234.49,179.3693303,833706.421,2924371.056,78.91656504
794890.608,2903258.134,241.6281701,868609.5016,2902709.578,67.01792941
993110.9694,2674897.528,104.6641828,956418.6136,2543206.622,75.65448036
781092.0238,2790041.445,252.543544,982671.7188,2146754.656,163.0522068
785723.7133,2875794.797,239.2000927,883164.5455,3408425.725,77.44093539
951872.57,2314851.857,181.8721943,888196.0559,2752094.767,166.1179911
702449.8065,3192921.31,230.8795203,707126.7508,3244315.054,240.971992
908435.906,2462731.907,253.0818356,1090086.25,2668958.917,127.8048389
978781.6635,2338292.355,155.2631734,794645.2791,2376013.871,263.2199224
917625.4777,2748910.106,64.17084696,968076.3514,2289242.327,284.377722
843067.6013,3276820.541,67.11552475,1022446.627,1687754.526,187.7440979
919620.0156,2467427.132,289.8791597,961050.3031,2142206.187,175.8719092
965671.1541,2449427.309,176.8655149,973675.9797,2729000.468,105.3200912
970702.6646,2467471.988,102.7391154,773023.8634,2555664.781,263.9409873
895507.7567,2888029.778,79.59654775,812062.3282,2878559.117,260.6353167
917625.4777,2268273.379,166.2847181,1081544.915,2955995.169,113.6699447
808638.1488,2931158.348,251.2393446,825336.2408,2856279.38,159.7728098
965671.1541,2360777.047,176.1263016,851589.3461,3347441.994,73.39005182
898795.3831,2910055.452,61.10385036,838555.5713,2312425.88,283.8103053
724858.1113,3316295.182,239.2198785,869075.3776,2541156.548,159.8769633
1059115.946,2281598.122,208.2852218,994026.984,2319847.418,220.2943807
895348.0736,2346114.315,171.2212639,956732.5588,2026350.598,282.7301987
922474.628,2099773.898,269.8515803,724719.0921,3274759.115,250.5147364
998433.3884,2360487.254,312.0899604,750746.4593,2681618.965,274.9176983
956504.2595,2745404.492,88.5095869,837790.7619,3194457.313,71.06203001
861209.205,2800117.205,278.3379113,956418.6136,2227776.132,156.4990385
776879.905,3222617.891,148.7654413,994026.984,2310157.288,220.5504367
898795.3831,2425253.058,150.3355205,833706.421,2977536.881,61.70600778
1063907.319,2763990.022,110.7632943,942220.2085,2488068.829,157.3375569
812376.6395,2517737.303,244.2602221,912348.6383,2136192.241,172.5642393
881309.3516,3178952.364,58.84776911,921989.1612,2160931.667,266.9252736
925845.2028,3250192.937,69.53115148,1083893.396,2059086.613,203.6968811
926923.2731,2456414.511,187.2906513,1026582.011,2439675.96,106.4968048
1035306.16,2490380.461,87.80364983,864291.7573,2317678.788,273.3370663
817331.4153,2902982.621,154.7971285,1022737.211,2469704.364,112.6045547
886340.862,2601581.539,148.5200942,868609.5016,2861005.279,81.57546283
820153.1657,2900523.428,142.9476241,785649.5399,2698410.68,278.2895126
895348.0736,2768589.21,94.97890117,944094.9933,2417165.714,184.4693224
939246.8934,2610570.732,78.32946111,944429.9685,2729821.675,79.00034015
1066590.776,2291286.311,77.25617938,1102540.771,2658575.817,129.9992306
847279.7201,2536979.408,264.1653084,890704.5456,2523425.93,251.2348318
842248.2097,2674089.645,256.0176047,1017415.116,1958317.465,197.9842001
1081393.35,2140645.277,188.4327256,1133825.387,1969733.08,228.1816676
829793.6886,2844058.023,257.1692689,1011986.644,2076890.548,311.4517237
829320.0604,3177693.072,74.66390072,1063661.99,2398404.004,120.132577
776879.905,3137297.656,150.7372626,1077460.574,2492442.442,120.4268495
951872.57,2622257.232,102.6392094,838555.5713,2286051.888,287.8158759
952346.1982,2314417.906,274.7790267,1041384.586,2270229.25,213.426602
983157.1856,2457088.888,104.9335071,738411.3665,3051107.704,245.916343
886340.862,2413945.75,161.6601822,865787.7512,2680910.587,165.8664251
864365.9307,2527745.77,245.0090765,877616.7132,2732562.588,87.74727793
851437.7814,2558466.095,144.1472622,886783.6079,2789729.946,88.88081935
768477.8197,2674638.961,272.1703155,865281.6204,2667027.196,155.3732752
874352.2169,2674491.166,154.5691923,736707.7373,3116579.516,241.4308712
777644.7144,2641034.242,264.5683799,837790.7619,3253403.555,73.09577935
794839.5647,2835454.896,249.5895548,956258.9306,2026784.549,189.8233663
944169.1667,3124023.864,67.48275574,865281.6204,2667027.196,155.3732752
917916.0615,3034008.423,67.96118214,1063661.99,2192388.314,208.4900561
1013028.756,2639160.646,103.8216336,909061.0119,2395226.432,157.7056174
961535.7699,2477612.084,89.2110994,965425.8252,1985626.6,193.9454696
826124.1803,2670286.552,251.8838525,800073.6831,2996574.276,259.5637383
864063.458,2997750.066,81.05081338,963044.841,2468796.007,283.3207631
979072.2473,2623390.672,159.0535085,890544.8625,2311490.737,283.8434653
851437.7814,2838537.303,71.42142769,975379.609,2564494.281,100.1200752
766419.9218,3475512.551,270.7995658,812528.2041,2828270.911,259.7675913
712869.4661,3338233.419,246.6302423,1107572.282,1923284.727,217.681017
907165.4945,2602322.607,273.4648203,985485.6483,2526198.171,194.0800014
970702.6646,2061629.726,192.9660549,947251.719,2519843.603,87.64347312
847120.0371,2372867.201,268.2131384,965425.8252,2444055.002,108.71937
864365.9307,2494182.301,260.7973867,851589.3461,3288495.752,71.35630248
716197.3473,3194447.532,244.4962654,934141.2096,2239445.206,192.3903852
864063.458,2596602.893,166.955145,950116.6917,2781252.554,111.0886316
1008893.372,2364473.29,104.0895762,822008.3596,2990375.138,162.1628427
754439.0977,2967889.808,251.4023471,921686.6885,2387734.68,193.2250121
908435.906,2360416.353,264.2501024,843346.9439,2651943.878,249.3691813
890476.2462,2747061.431,166.7947071,919771.5802,2813822.853,290.4273679
996267.695,2174242.675,85.05427773,992625.5026,2785724.359,75.84007091
1029718.004,2088259.42,306.3103436,944429.9685,2788767.917,81.03408949
1005434.59,1871041.288,177.8273783,913112.8503,2665148.678,257.1811926
926792.3724,2655890.076,81.46866944,1031613.522,1675889.064,190.1878981
996267.695,1938573.229,169.6997045,839968.0194,2699887.521,262.1145962
1008893.372,2369108.026,90.03826985,982671.7188,2148419.67,164.4077241
969118.4636,2490902.266,157.3510116,1089915.095,2541478.887,106.1960785
1044313.371,1985859.881,192.6365669,934614.8378,2237346.242,283.9417003
881309.3516,2801149.109,146.4246553,1022446.627,2131908.325,111.8187724
873532.8253,2413910.937,260.5397796,811588.7,2726063.611,161.3299022
702449.8065,3057475.213,252.1084005,913112.8503,2555955.104,274.6852682
949200.6771,2410411.677,155.4815794,962742.3683,2548596.74,205.9825259
876346.7548,2836327.317,281.4535102,1005586.154,2718686.083,82.83281767
1005434.59,1762895.053,174.7579268,978536.3346,1901771.32,162.0256134
851437.7814,2938658.422,76.10245249,913112.8503,2563980.22,273.0736949
693282.9118,3116464.121,248.9610181,956732.5588,2024685.584,281.3746814
1090874.19,2010212.822,319.4493435,790433.1602,2960760.44,158.1729405
970702.6646,2533114.428,88.98912352,719461.8436,2933772.557,272.0070967
961655.1982,2588531.03,81.8836557,807270.9556,2564579.472,280.8997036
1079216.452,1971694.096,196.3311669,899894.1173,2315850.749,173.4598476
851728.3652,2876972.301,164.1480837,942220.2085,2280419.15,171.516125
1008893.372,1949611.977,178.3365987,889434.1341,2519545.416,294.4582699
1059115.946,2643873.295,129.0373594,881537.6509,2339234.039,266.630645
947962.9238,2922523.112,73.70220903,811902.6452,2652134.497,281.1441731
1013028.756,2305381.279,187.0601891,1072669.201,1937450.512,213.986417
921760.8619,2465721.736,167.6311266,935553.6576,2702536.952,168.9789109
895973.6326,2941807.131,71.27505175,829388.6767,2294587.323,282.6610411
907962.2777,2790661.43,82.40724343,995297.3954,2228309.614,196.2228627
921709.8186,2996788.037,73.20408352,1115178.012,2192701.04,107.6903248
874352.2169,2645198.68,156.2474953,1200013.083,2059477.703,137.1642473
838800.9002,2651577.554,268.7178947,790433.1602,2931106.684,154.4608882
1014150.62,2733498.854,79.94716271,1006955.133,2294867.346,316.6909861
1003861.861,2285420.908,177.9146612,991162.0112,2010953.75,192.162449
1008893.372,1995948.63,191.0266394,815349.9546,2705674.535,264.7064682
759470.6081,2878183.75,252.9161665,1039692.52,1886776.279,180.3518652
978781.6635,2257137.787,170.1171956,956732.5588,2076128.86,290.1258812
838036.0908,3165144.68,152.6353811,855801.4649,2344864.389,268.0908799
932245.6921,2571190.416,306.162044,837790.7619,3253403.555,73.09577935
961535.7699,2497686.326,97.90131789,930522.1472,2902104.522,166.883472
1035306.16,2543439.903,74.3455777,864291.7573,2317678.788,273.3370663
882023.1177,2299343.64,269.4902221,982842.8744,2784502.812,105.0981153
1003861.861,2229393.159,178.2081795,980702.028,2250084.007,307.5458527
693282.9118,3144503.127,246.3109648,1048859.415,1900449.169,168.6189284
843067.6013,3296834.431,66.07704476,947251.719,2263842.543,159.7874954
985807.7119,2091296.507,292.0593925,987703.2293,2151008.34,92.63945812
1142549.536,2155883.678,188.2596326,956732.5588,2104117.603,292.4824162
1057714.465,2663880.195,76.88694908,1005251.179,2419744.262,199.959109
917625.4777,2380385.446,151.1079102,794645.2791,2354334.967,262.9028851
759936.4841,2880989.714,245.9559361,921515.533,2533499.068,87.49213468
1049344.882,1687257.936,185.0465179,820304.7304,3122818.308,158.099547
898795.3831,2700740.759,73.92690111,1092769.707,2107653.792,117.1232998
1005434.59,2237770.134,83.22072855,802421.8053,2775377.475,161.9102949
961535.7699,2079855.291,187.5551641,943923.8378,2685837.815,72.88967847
820626.794,2862882.492,243.866443,802421.8053,2806334.975,161.5875093
926923.2731,2944546.932,100.7700158,924974.3149,2739031.556,103.0421824
912593.9673,2981885.565,78.28589442,1200013.083,2138437.835,138.1595166
1125303.642,2433170.134,134.9652758,929765.6875,2556868.749,174.3817234
881309.3516,3200631.268,59.16480642,987703.2293,2259154.575,95.70890962
1000403.079,2095136.773,169.0633706,790433.1602,3389535.085,69.23478863
1079216.452,2413474.778,93.64877148,973795.4079,2505165.331,177.9591748
895348.0736,2324435.411,170.9042266,965899.4535,2057255.544,279.8639179
1002751.133,2962231.981,110.9955376,1010111.534,1988137.824,183.8985566
898795.3831,2832760.333,61.46409832,872744.8858,2817243.574,153.9941129
1101334.173,2217461.84,108.5380485,884402.6236,2846137.52,275.8334764
833081.315,2740916.746,244.0328338,961050.3031,2518755.963,87.32327269
895348.0736,2426799.813,183.3007491,1008407.905,2516733.127,89.86437733
917625.4777,2592231.816,76.98814933,974301.5387,2885122.992,84.98198939
939246.8934,2032544.457,170.8637598,815349.9546,2786879.366,244.8458577
659176.5457,3460256.589,241.4343253,1052318.197,1948786.417,187.6274937
912884.551,2865836.709,167.9805612,884402.6236,2846137.52,275.8334764
724567.5275,2922003.291,252.9336188,802421.8053,2699853.753,159.8735751
851437.7814,2965032.414,72.09688189,1006955.133,2246754.098,310.6508209
939418.0489,2365771.97,174.3768507,878090.3414,2352720.721,276.6041777
922263.46,3170589.561,80.81,1156102.791,2273494.496,111.4457628
757699.72,3534459.976,63.06,1083602.813,1676618.935,191.5765754
1091880.24,2066126.248,96.93,675551.5514,3087264.289,253.1276774
693255.69,3036895.46,229.14,878242.2722,2596658.892,159.6549874
1151663.29,1755311.72,183.77,877776.3963,2390711.415,169.2453626
991101.04,2481055.234,87.21,812062.3282,2814521.338,266.0121274
631301.13,3194057.443,220.75,961050.3031,2678403.009,71.82664963
932795.16,2579313.084,82.08,811588.7,2658695.805,163.9956783
938534.18,2162489.144,82.74,943804.4095,2178404.05,193.3690279
637569.43,3239416.21,142.23,912519.7939,2348207.13,177.0234238
811501.78,2806170.71,263.55,1156102.791,1822617.909,213.5192011
826190.02,2939605.784,242.19,1005586.154,2223797.112,175.408496
843256.08,2965761.384,71.77,1083602.813,2107058.593,103.9939408
917568.92,2817144.364,80.38,799600.0549,3261391.889,73.97319579
613351.09,3494845.179,227.27,1115178.012,2194366.053,109.0458421
1043345.35,2201010.82,204.72,961050.3031,2698416.899,70.78816963
794216.46,2650606.72,260.92,1115178.012,2186340.937,110.6574154
936474.56,2452680.038,282.24,943804.4095,2089753.788,192.6298146
1020291.45,2268698.94,179.22,736707.7373,2958185.95,257.8992446
748694.78,2714959.851,255.3,881064.0227,2931309.093,67.27796215
1104979.55,2056841.64,184.85,970217.1978,2194790.037,173.3226657
713102.94,3226252.544,236.82,912348.6383,2565378.42,84.00985446
892272.24,2873351.099,278.31,878090.3414,2404163.997,285.3553775
587942.61,3504060.824,218.65,973504.8242,2477054.093,84.4500948
956620.18,2564275.683,84.48,754193.7688,2748708.582,243.7301631
800308.15,2786876.93,138.09,1017415.116,1966342.581,196.3726268
940831.57,2505341.737,82.95,1008407.905,2532581.35,75.94369635
1086771.55,2148589.34,183.77,868609.5016,2532931.438,152.9832423
980212.69,2107587.018,86.13,748688.5614,3442464.775,275.6239087
761110.33,2967614.596,232.8,790433.1602,2932771.697,155.8164055
912595.3,2333045.884,274.77,848509.355,2531899.534,284.8964983
890516.3,2868185.915,75.87,1029232.537,2147752.175,302.0285196
917467.34,2890158.91,79.72,865281.6204,2934489.781,80.57622914
925101.09,2297900.45,167.15,719461.8436,2966395.07,273.0398283
794667.02,2953613.421,244.33,811902.6452,2644109.381,282.7557464
886773.11,2910479.443,288.55,843346.9439,2578870.545,263.8657335
925712.43,2704523.517,81.1,763360.6634,2734648.684,262.0232549
754992.71,2597587.194,241.43,856620.8565,3121550.695,74.48447297
1055911.28,2612687.91,215.58,1028758.909,2544589.363,103.9751743
979655.59,2536315.557,85.91,881064.0227,2797518.122,82.13773277
844540.76,3285610.085,72.48,973504.8242,2165704.279,175.8178752
1120100.42,2357644.782,99.61,1011986.644,2017944.306,309.4179744
729288.18,2808125.42,136.48,1102540.771,2180133.526,216.2638101
968398.5581,2357692.92,90.51892877,736707.7373,3180944.905,257.3185718
947345.95,2611527.718,65.47704994,1102540.771,2259093.658,217.2590795
1041981.811,2426219.628,103.3653621,900650.577,2659421.508,164.6060789
937213.8346,3184403.301,88.5453585,695138.1057,3345213.424,249.3776252
1078542.021,2239261.174,108.2889275,1061485.092,1974584.741,188.7000538
743120.1607,2861841.808,253.2024603,963215.9965,2597941.052,306.2850408
894775.8843,2860568.968,59.63765569,881064.0227,2500869.434,154.8605967
730563.6301,2907529.932,236.280158,1041858.214,2257297.292,308.9843329
881958.3926,2266708.653,274.5385935,599117.26,3480410.864,226.56
988343.3681,2235979.932,80.8677969,1087699.85,1591336.63,214.24
1047754.47,1963677.263,165.6519693,654350.94,3080920.483,248.79
982648.2409,1939041.669,183.2776264,887914.06,2267884.704,293.49
741188.3634,2790057.922,252.5653772,1098167.29,2078366.57,97.77
919696.0523,3603753.213,93.41731203,1051300.29,1634190.79,194.13
957729.6212,2720969.969,93.67903734,994680.48,2174311.759,87.62
1152959.442,2283283.678,102.9403698,1033151.62,1878555.49,164.82
817214.2745,2873284.734,253.3217441,829038.61,3384507.43,70.58
934057.9844,2608361.596,78.48427066,707719.94,2927044.443,266.29
951379.7815,2116265.233,286.0143523,631994.27,2703241.24,157.41
857711.0821,2325459.775,248.0509875,876228,2026891.826,283.79
976581.6331,2446958.817,84.25535338,752333.76,2763950.573,239.86
852868.8928,2765828.755,270.5297598,945155.31,2504888.22,161.09
939966.03,3136122.551,66.32815025,946482.73,2987431.595,83.6
1018741.115,2360525.18,95.80595955,1071073.53,2852635.519,94.73
1135740.942,2280876.011,100.9355312,1043857.79,1689628.49,191.05
992130.2666,2235586.307,80.95987184,633037.07,2627786.15,172.44
908670.8388,2392147.191,180.9026645,789725.92,2989932.93,259.39
871938.4037,3007861.236,156.236395,868330.4,2846408.561,74.68
1086036.994,2001737.084,200.6779243,932445.23,2421924.47,157.65
790050.4243,3006086.916,241.7502161,862458.47,2664127.902,285.39
908018.2533,3117721.904,180.0341782,1004786.66,2306467.45,178.04
959783.9841,2314101.158,65.56722485,1027973.03,1897852.96,215.89
824213.8815,2435124.025,257.1398476,1037795.24,2630441.897,337.31
768970.0069,2756761.963,268.5887134,906670.6,2220132.6,214.44
951110.4079,2387011.973,177.8550676,878885.86,2347537.424,284.94
959837.3169,3088911.985,83.63994618,936901.83,2486644.47,176.59
908018.2533,3117721.904,180.0341782,999156.48,2209461.99,178.53
870356.5522,2518312.195,163.528595,819863.4,2559077.88,251.51
840324.1557,2464146.989,263.7983309,717272.51,3203721.203,238.32
916714.3174,2714533.82,286.7438611,1094977.12,2125572.442,97.39
1052972.965,1673995.584,189.8569842,1024395.13,3188516.497,90.24
1039899.462,2758622.995,73.12730456,879164.36,3293705.982,76.44
970904.674,2606475.228,163.1106019,793584,2830629.081,250.84
697343.5334,3207664.018,234.8875049,954160.62,2679387.188,84.08
728862.3649,3191562.771,245.6026549,1047705.42,2698629.11,95.45
1199483.965,1823947.531,210.651225,736082.26,3140982.46,239.96
953515.1055,2099084.693,166.6442504,850248.4,2947791.97,72.64
910134.9462,3049327.792,89.34697837,984211.17,2538387.274,87.44
964881.8749,2094395.705,169.378746,1106154.22,1873732.96,219.22
901845.6314,2992383.809,67.38039082,597386.27,3142645.972,220.67
957031.7887,2362381.908,87.7844331,800348.7,2200274.894,264.59
1026148.426,2206460.626,190.2926373,1143943.4,1987803.13,171.79
934051.058,2558330.561,160.8383304,1035805.72,2998138.231,91.88
1087301.605,2286325.356,198.9827108,937509.1701,2275728.646,157.1553343
1214229.867,2082855.11,140.0462899,1009033.275,1998408.028,179.6154151
762532.6765,2972464.395,239.2070339,930246.5596,2505411.529,175.1539788
1110745.891,2391945.639,129.162357,794899.0115,3599576.86,71.17058762
723234.7704,2898768.629,236.5521704,1054379.554,1999571.064,183.9798759
874648.0505,3012862.196,280.1183983,876617.6888,2059478.757,283.8224056
838208.1841,2876590.777,266.3236977,1010650.553,2308873.467,215.3916553
945432.1558,2870934.968,94.75374939,714869.2703,3305948.128,249.8272091
958097.672,2116575.669,170.6583572,945947.2727,2601162.205,94.26393419
953108.7279,2282753.222,81.29191898,806828.168,2613127.087,276.7886208
1015961.476,2209812.16,85.68218388,1001344.864,2643394.795,105.1805816
853370.3611,2694253.181,268.7899832,963444.6341,2343360.61,181.4987
842302.0363,3175515.166,65.85338793,985146.4591,2608790.05,91.16536305
835747.0202,3302780.364,71.53249998,907277.0855,2945797.445,66.34381644
750449.7569,2940210.266,239.462024,1055561.841,2038959.07,189.6481372
1097789.419,1911067.141,185.706747,912301.6213,2958853.078,74.57735988
888945.5428,2604683.501,164.5282057,1096341.427,1746754.574,195.1530493
768915.1478,3537152.092,60.64133542,827074.6715,3061589.882,77.58102091
961630.3223,2246039.539,158.7106491,806047.3162,2772807.808,148.6014496
1058100.622,2309052.297,205.9143495,919703.3154,2534351.798,157.424446
998423.1129,2461384.554,281.0476108,785667.2558,2962984.107,270.3882504
750902.7197,2849041.023,242.14532,932678.4837,2084747.901,286.3771949
944601.2099,2188578.879,168.7412126,1019418.334,2388326.592,98.89790416
820114.1615,2458651.72,259.1070832,882316.4908,2668799.25,305.8121999
865841.274,2475853.249,276.7551729,985790.7331,2315669.91,167.5618332
950326.3979,2618666.316,64.59476676,868824.0941,2647564.148,152.8548088
1089017.996,1732871.158,186.0638973,742387.0181,3339570.649,252.3703913
968703.4629,2147165.15,169.9457224,950199.8644,2696230.605,96.02073308
858991.0398,2793109.835,159.7845546,1063599.843,2199220.324,102.9599848
931129.0347,2586886.23,166.9482422,718916.5499,2888381.33,242.1268928
791422.815,3288727.516,61.28375072,916079.0446,1999097.546,279.8176266
931007.4382,2347509.269,166.0018351,976305.4718,2130262.167,161.9799617
690668.2771,3176316.082,250.612199,884812.1158,2902249.935,62.41985202
1050593.467,2032945.84,192.233919,1021804.825,2876239.283,107.3213507
901086.1511,2664968.516,267.6772727,922557.6488,2342321.635,179.6376533
835638.6786,2803554.644,147.1843009,908643.3257,2876475.788,67.14216405
971374.6104,2514635.234,81.55503509,952429.4786,2457074.345,283.7857659
1063263.773,1829415.456,181.2825842,904931.4241,2429640.497,170.4813794
940798.9394,2472808.394,169.0882874,1065766.606,1748314.944,195.9736726
998236.136,2373942.214,91.00390212,880776.9621,2346184.705,274.930087
1017292.865,2486223.558,187.8159112,984911.6829,2415237.979,184.2292044
948610.7225,2717406.257,163.280299,990667.5394,2236435.335,180.1179916
984130.923,2304367.629,190.4848619,1077506.973,2355189.842,214.7485113
863707.7886,2634012.796,255.1787898,934306.6024,2347442.819,186.9522397
986667.1236,2826907.987,91.64827589,935259.4623,2491439.384,99.86069682
771586.934,2607822.051,241.1096672,735313.2277,3182157.109,243.5965231
847935.5389,3206343.265,56.01270499,993385.5288,2947717.935,118.0937519
1041940.11,2108548.855,189.2364828,899716.0156,2563613.266,186.5648145
959244.4983,2376061.095,163.0274001,1000136.866,2351011.628,315.9389446
941218.0634,2413397.445,305.2696412,695374.296,3192175.955,254.3023828
973210.9921,2551399.001,287.9227806,1108472.189,2141616.64,111.2194791
834464.0619,2698434.384,261.8255267,948449.6846,2479544.793,104.2732606
787193.1087,3132803.101,150.992308,794680.5467,2777496.796,145.866954
937086.4833,2572067.985,67.41010813,925932.3856,2755721.92,98.2166121
1030958.393,2287233.668,159.5372904,823045.631,2507350.399,266.1910335
966577.7369,2597187.531,66.67465807,654917.168,3082581.817,251.9951704
893085.1348,2987110.859,90.36710717,929854.7901,2682350.821,294.6284546
775786.8825,2994589.787,248.649523,1046118.155,2068700.297,106.627928
828172.1507,2413806.522,268.3760615,1023430.461,2454441.225,202.3897907
903039.9391,2619584.761,294.2960109,1034907.511,1781235.291,197.1359673
948006.3318,2297979.168,152.9497836,837650.3192,2408731.891,263.4545335
935897.2021,2627034.303,96.39978299,838116.0123,2504193.916,265.1192575
914091.8435,2995030.094,60.25718128,710765.1312,3101380.984,255.3321207
670760.9224,3213714.826,242.7679026,1021653.734,2477915.125,108.0242556
1001097.09,2093448.148,179.5346306,1079581.254,2057760.556,187.69696
920404.0504,2397095.173,276.4714693,853742.8944,2758594.391,167.2054494
1001739.887,1992736.655,179.732628,1071615.649,2034614.807,203.8847591
1017068.779,2165663.439,90.34973774,820813.3397,2352984.936,263.6925014
909832.8742,3073764.332,70.12376937,717439.4213,2886716.682,241.6692482
902672.3678,2506396.635,154.865787,984127.3957,2008807.119,189.6949072
984971.8952,2548312.318,83.52880934,902606.2665,2456363.288,292.33678
829436.7617,2698394.794,266.6808481,854657.4725,2599660.747,251.9304964
848910.4261,3414316.1,66.89953323,875822.2726,2627188.27,285.1848387
834376.53,3218816.725,72.53772792,931626.5207,2781219.437,177.6603422
928865.9945,2492538.781,159.6314857,1055046.886,2575633.272,99.90801033
913806.4608,2662325.557,150.7332975,809613.3127,3285828.208,67.61545887
862715.4168,2266288.781,264.4508667,950716.6947,3043575.307,71.09618176
817750.4323,2854872.232,252.0568689,845212.4911,2725276.064,163.1893869
845436.5198,2876692.735,162.8200099,862406.0427,2340551.088,282.8329252
848018.685,2133008.476,259.9645182,833309.0434,2547876.057,149.2608872
896384.7502,2735557.665,94.56464145,822376.8016,2401754.576,273.4931393
1149756.874,2354997.851,132.7372752,880772.3689,3123158.264,74.45446381
762416.3765,3321292.967,249.1093023,918421.4634,2196686.867,177.8707338
815979.8067,3272143.936,68.43081014,926749.9776,2712648.555,310.7268921
914836.7798,2295788.112,166.1928712,829929.3836,2463529.003,265.3907047
964745.6594,2752865.342,95.46633548,866775.2686,3222011.468,72.64526152
823168.2021,2521269.073,243.3513247,851495.6713,2820182.415,149.1288516
944087.6551,2632775.05,153.306979,943902.878,2406010.889,159.4511888
982571.4658,2574038.978,206.8976666,980430.7976,1964725.404,193.5666762
1023255.897,2393963.492,194.753237,746651.8882,2585507.327,259.9636228
1055438.438,2020766.26,196.7458204,925666.6077,2695345.38,93.62640078
1014770.212,1918288.556,172.9920255,951129.4188,2230088.435,159.3876319
913910.5343,2584478.563,164.9434036,1026659.5,1911089.165,188.771689
741761.2142,2925610.184,255.9939486,999810.1551,2565412.732,100.6142556
982238.8764,2083344.886,284.8520576,917785.0898,2458348.78,172.2005266
915291.4452,2520238.262,153.3459218,964319.6411,2218193.843,163.8001957
690668.2771,3176316.082,250.612199,873856.8558,3209238.282,84.98412471
896617.2317,2792308.522,77.34821053,918739.5209,2295603.964,173.144046
893180.625,2479858.554,264.4488721,993011.9317,2336154.049,102.0534089
927955.5602,2321723.475,170.1649454,970057.3435,2315178.796,184.2161734
937974.0132,3199404.222,183.7682846,820000.0193,3023284.192,268.3139107
862333.1795,3100907.171,65.54524928,943382.0044,2033067.489,183.344607
1000796.832,2348926.946,91.37637353,917384.8882,2542587.511,180.989956
859640.7768,3336535.967,57.81264448,1038252.683,2341336.298,95.73988215
1083030.469,2498669.089,193.4297125,923508.5752,2572816.824,83.58432615
895133.5401,2609024.643,250.1476931,803431.6068,3356308.976,66.08780795
859173.7054,3284425.192,66.09032154,1033848.051,2187991.95,108.7898334
918654.9625,2635723.939,159.5461927,813692.552,2635038.067,284.7578116
1074306.186,2076964.487,214.8661189,797662.8761,2702121.005,262.8520886
875000.5684,2911270.394,154.8690897,706010.1051,2831875.92,257.37692
963449.3481,2677820.374,179.4838222,943563.8874,2582727.917,69.7868972
1058284.443,2474515.53,96.99215604,896424.2489,2966258.783,163.9271542
1094571.245,2111446.002,100.4352368,854687.7763,2099871.371,267.0694123
903818.5444,2509594.134,149.6960351,811678.8616,2512039.387,263.4565379
753844.1338,2957864.313,255.7389585,795929.3131,2934708.02,278.7181854
1038711.81,2314652.097,75.59358992,745107.3705,2836989.077,247.2623978
746947.9752,3174025.085,251.970015,935905.0529,2651544.038,67.80160161
910603.8931,2734039.729,180.5302029,795511.7864,2764704.763,260.7411098
887841.7244,2546234.424,156.863798,901615.4211,2047214.305,277.9755347
1026413.284,1925586.707,186.8695669,719336.4077,3218797.399,250.764286
813771.576,2755671.551,257.6118484,811425.2273,3263886.862,57.20779952
1021406.137,2026747.196,176.1934277,870839.715,3048134.92,81.17296134
912393.422,2631643.627,297.8377371,1027374.684,1702020.044,187.8440248
956391.8038,2897014.119,76.02468608,1152915.067,1828438.149,214.8627713
923446.0153,2615015.997,180.4630896,897351.5532,2433935.86,167.8389587
829535.4474,3187893.833,266.6638708,741904.8028,2908703.249,277.0593031
1129802.038,1988282.122,204.2698647,912069.9296,2247442.555,160.2357864
882456.652,2383836.049,261.9123739,951119.9822,2803627.666,102.5952022
625519.7163,3471517.379,236.656496,907257.2363,2594295.608,81.50443485
1066329.286,1670027.547,187.0315222,934557.6548,2634410.981,157.4374771
659394.153,3218403.815,240.033407,1025362.364,1964780.137,186.5894337
1006664.965,2170708.019,183.8433118,842293.9708,2912353.163,268.1442136
854524.5235,3000625.225,79.2124919,1023593.988,2070477.075,183.0227509
1072316.285,1777783.365,191.5637031,968098.1765,1951433.134,158.7003937
1051782.749,1977979.522,163.2442442,975558.7919,2721611.062,106.4931287
864849.4935,2613399.127,270.4832252,973208.9999,2376230.455,94.92337175
971005.168,1931743.518,169.4000851,817924.9963,2915349.964,259.6934226
987309.92,2726196.493,91.84627334,719452.7078,2869968.828,240.8620177
848218.1763,2707488.029,275.4581533,851481.3698,2940292.529,62.11236141
929455.905,2460028.577,171.1065189,912120.5779,2647584.891,76.18740007
957078.5834,2725585.726,308.0041467,809745.7957,2734375.135,262.5970985
778106.2842,2979004.091,268.0966346,1026101.064,2339287.387,91.69275526
876862.6232,2572429.372,164.7831958,1010760.222,2398314.675,189.175419
1043894.972,2056106.734,183.2016237,997960.3277,2457853.369,106.2201529
1014770.212,1918288.556,172.9920255,898353.6749,2361294.889,290.5799811
900499.6714,2889977.37,289.3574163,981914.7725,2629905.816,88.17392162
968387.0864,2579698.182,69.0142322,992142.2669,2264914.223,185.1967806
884041.4904,2912750.402,67.69341135,1026209.128,1934522.587,196.3513861
971537.8624,2424541.348,292.0810573,923101.5049,2382655.205,174.8252271
1063796.119,1980353.594,178.8938625,788842.1951,2716543.353,247.8328502
1045481.544,2295210.67,207.4342147,933742.4924,2368775.65,175.1349753
907073.5113,2531894.237,158.0614062,918083.6097,2555324.825,83.12472584
914310.0719,2971298.65,69.36820718,1009743.133,2773906.074,112.2387712
1037410.372,2246900.54,305.1048425,741902.2123,2976439.069,266.79631
974413.5411,2274695.689,300.3152939,926089.4992,2290465.941,263.177408
919850.6808,2553074.512,80.41537321,1018961.783,2763652.936,111.8966522
919802.8386,2190466.574,164.0939533,917367.3907,2266217.012,282.8751403
997001.6176,2907320.404,98.27216914,1029508.743,1682969.393,200.5489204
800286.4592,2461665.652,261.1528458,762008.3338,2926756.016,252.0543553
756175.9876,3259200.48,238.3733051,1001163.022,2393759.194,186.3090957
848994.9994,2799586.606,144.3588389,648309.637,3457184.112,246.5129081
844973.8225,2246185.124,246.3217197,784050.5596,3168463.529,256.3165117
875856.048,3305245.362,69.36003533,953988.7615,2309669.209,180.5701507
829139.3121,2437692.974,268.3010088,1060920.686,2578984.353,124.0354615
885197.228,3051246.572,70.34261399,1083270.489,2083427.149,107.502395
914660.1206,2398944.494,174.6526209,896870.9928,1995968.928,283.3727456
857671.4186,2646771.234,153.9494136,1012243.719,2321813.861,103.251017
807464.2013,2672494.3,264.6589872,920093.9901,2382502.912,188.0245809
867234.2304,2328716.583,277.7909001,786867.9697,3181187.098,153.1369222
1053236.152,1802107.944,184.1842024,882104.0685,2633265.861,170.3774613
815773.2,2784101.299,158.4964312,982680.2966,2155054.812,177.374613
944271.6806,2311667.045,151.9632039,944145.9968,2432618.544,96.6765412
1017865.218,2119289.238,189.1191663,1048066.969,2953007.407,131.9998851
914160.5024,2904338.834,281.9535399,1027259.965,2694604.37,121.4706629
1053283.994,2164715.882,100.5056223,1055696.968,2215849.222,204.9284068
810122.9316,3077271.246,280.6592972,1110626.633,1997667.018,207.4596773
1022769.393,2374827.439,93.39823442,989080.1023,2361505.065,186.5640858
976035.5315,1967223.483,180.560153,870423.5043,2528922.372,288.5977917
838884.2069,2292062.928,259.7285547,858094.0792,2912110.715,64.82983481
969631.4975,2441955.911,95.03408741,1039235.823,2306592.146,220.1309896
907790.5539,2949609.078,167.411561,1022170.252,1701960.64,195.4066996
929445.9485,2564853.963,284.3308402,723301.7501,3112073.025,244.2920027
1038723.282,2092646.835,97.09828649,817214.4115,3211453.767,74.92031001
993501.6136,2352390.44,175.3359927,964905.1587,2328413.643,190.8843435
810545.9259,2501125.385,259.2197876,885387.7661,2453955.621,290.3319413
978386.4745,2510424.343,91.55619119,1026985.549,2293375.989,91.93069996
753221.8003,2726673.809,253.3633711,871274.0782,2421250.219,272.2286651
735569.6674,3163978.331,237.1497918,873475.0987,2416766.063,166.5487105
751317.9061,2735404.505,254.0949838,998410.6999,2434419.947,98.64045584
1056468.225,2217604.53,177.1040533,841600.7039,3256251.256,158.589958
1001559.476,2299925.245,74.7191229,880058.0558,2878757.109,62.40282976
983848.5471,2082828.438,168.3234271,1006150.217,2736662.307,96.74450648
943945.0781,2655412.725,79.46490343,991839.4652,2903375.16,98.62644903
936831.7304,2710444.532,76.85537233,1027374.684,1702020.044,187.8440248
816253.415,3252052.357,52.16577444,970491.1117,2275133.759,185.5644751
915056.7109,2587676.061,159.7736516,794354.0959,2661964.796,269.3865712
1046647.168,2007825.984,160.9844154,765247.8942,2810841.075,243.1573246
1005012.097,2255666.514,304.2473977,723099.062,3120578.448,257.9915637
1004594.707,2214501.148,82.9476882,1019076.502,1771068.61,178.2700141
739263.9896,2956142.614,267.5466839,909046.6544,2936552.975,66.21198879
861747.5389,3023681.431,67.86310844,879121.888,2375635.076,289.3823729
1151663.29,1755311.72,183.77,1084147.111,2036677.749,194.3874715
637569.43,3239416.21,142.23,1135047.63,2432440.09,139.9513152
1091880.24,2066126.248,96.93,798817.6881,3264780.977,70.81339223
595850.04,3490110.838,221.46,811558.4929,2654088.718,272.0529159
767040.87,3513447.802,63.88,785627.4658,3276675.569,66.40082847
808689.56,2390870.78,168.61,796928.8955,2633008.145,254.6990885
771261.89,3212653.267,63.54,938721.9306,2209597.325,274.2722966
811570.53,3274372.7,69.06,868050.1332,2399274.063,166.0891102
1095059.15,2315359.38,153.85,782566.0176,2591987.309,264.4309447
984764.04,2096654.299,86.53,932870.1996,2202500.67,275.0019537
1205601.32,1933016.04,185.36,984483.0529,2143430.564,295.7476019
1029870.9,2220250.601,92.95,861886.1264,2148915.297,267.4690266
918250.39,2675691.435,80.61,846727.3098,2916799.703,62.09533914
936040.15,2209285.398,82.36,941585.2904,2652638.843,71.06902916
784594.1,3251726.582,241.86,888700.6084,2091732.886,283.5674155
903937.96,2040655.188,281.31,913028.0592,2503003.862,173.1491402
1099281.59,2537982.31,154.87,1102683.026,2255363.574,217.3408411
876641.32,2893166.607,75.76,1045987.399,1965927.576,168.3613219
1042192.73,2482696.227,92.23,870381.1238,2910349.655,74.34737665
1064257.4,2267876.977,95.81,886793.6045,2765954.316,84.87301341
914329.66,2174738.24,166.18,1008737.322,1936140.01,184.9066394
861240.31,2899357.254,253.37,945600.4414,2707664.565,92.49602918
1024248.9,2070501.681,288.02,851489.6455,2321806.654,272.5187324
888629.55,3243645.199,74.68,802064.4763,2603161.683,256.9589172
730215.28,3133349.753,233.33,1073627.464,2226527.836,100.0583666
1057003.91,2703445.744,337.89,1037040.163,2450811.446,99.97256753
858189.35,2283066.393,281.27,719200.3274,2819981.328,261.7894838
1304088.87,1963683.13,167.09,992464.5117,2539426.493,75.63866637
1078116.15,2644696.67,191.79,832801.7262,3360765.554,72.13977346
1018714.61,2520975.959,89.74,683564.9846,3139830.247,238.2923372
1030113.82,2297136.18,155.4,753046.5622,2961801.808,260.1976557
1072237.65,2275505.318,326.66,958703.9375,3124955.83,73.83956031
989529.64,2991686.734,324.01,886359.6947,2567581.303,189.3902765
991487.37,2196012.6,212.43,876683.0697,2998482.021,65.8294455
1033900.22,2039566.84,172.89,724509.1684,3018531.523,249.4119833
1014437.87,2477652.47,172.35,831231.5186,2554626.801,254.203718
949988.59,2071840.874,276.93,912767.3143,3054315.103,76.24208383
786751.2,2673549.23,270.46,897416.6975,2813129.604,69.15027493
946774.44,2564283.359,83.51,1029011.138,2542685.79,93.68261697
1046668.22,2659618.958,91.34,834042.8926,2263979.64,249.1789687
929276.4277,2507603.795,168.4063533,964895.6088,2023147.306,188.4972991
804087.6632,2716548.794,261.8874173,867276.5088,2313477.547,282.8398269
1166725.974,2316503.474,124.1238146,958228.1338,2596485.52,305.0098677
885610.2368,2568894.405,261.1746669,1057468.424,1817363.51,186.3996619
920397.3666,2453215.696,290.0146878,910233.5325,2871121.503,163.7849883
994335.9929,2322754.027,170.0867455,849187.5011,3301986.928,78.87831896
842896.6472,2798190.471,145.3229245,926009.2534,2551775.726,178.7120082
883563.3093,2166835.185,264.7502023,1101712.737,2087161.205,209.5566395
846848.8921,3208654.967,54.49858624,809613.3127,3285828.208,67.61545887
1000095.325,2532549.089,96.64218927,862148.8379,2616216.212,168.579503
872493.6524,2608895.642,279.3186205,841634.6215,2593721.705,267.1906442
863914.3256,2580433.93,271.1323901,868081.7338,2971930.295,99.03930392
928018.889,2170258.131,155.4281498,898549.6916,2745659.266,164.9133787
852175.8852,2481319.614,251.9019003,985003.8554,1976974.871,162.7645429
932368.0492,2120683.714,271.1143029,916179.7156,2564055.521,83.85633854
873132.6984,3021356.084,66.55193842,1087699.85,1591336.63,214.24
855909.7756,2577937.863,278.2142461,599117.26,3480410.864,226.56
703169.0062,3227214.13,241.6476285,876228,2026891.826,283.79
,,,1007929.75,2079192.95,88.88
,,,1148644.04,1691274.54,205.18
,,,685014.62,2874892.092,230.28
,,,654350.94,3080920.483,248.79
,,,811107.7,2573579.266,268.33
,,,745344.35,3142499.205,237.48
,,,1197769.57,1785665.78,187.57
,,,948150.97,2582355.501,83.73
,,,1000922.58,1990771.219,301.99
,,,1149085.23,1992002.23,169.73
,,,907840.02,2782379.255,78.54
,,,955719.41,2061092.4,189.43
,,,775745.89,2847463.351,247.81
,,,1005012.27,1959006.88,216.73
,,,999370.88,2772924.538,88.04
,,,777582.35,2886045.612,253.61
,,,1094640.27,2440470.71,97.96
,,,958435.37,2811610.495,83.41
,,,988832.91,2466897.701,320.18
,,,868330.4,2846408.561,74.68
,,,1081463.72,2594348.726,343.1
,,,1133840.19,1731459.17,201.09
,,,797845.69,2228019.821,245.95
,,,924579.14,2105076.61,190.57
,,,901914.15,2731438.756,290.18
,,,706892.46,2664831.82,161.71
,,,797563.13,2418808.72,165.89
,,,739250.27,2531891.98,170.64
,,,665784.91,2592339.56,170.64
,,,1086640.39,1873732.96,218.24
,,,1001217.26,2034932.099,324.52
,,,733929.92,2378891.53,178
,,,848041.26,2449060.928,270.12
,,,1121130.67,2262317.086,101.65
,,,976206.78,2015302.05,192.97
,,,1016869.04,2412319.001,90.27
,,,867087.51,2901033.836,74.97
,,,935432.58,2474940.65,179.61
,,,1009264.89,2677866.78,171.87
,,,1288991.02,1591336.63,225.22
,,,1036015.44,2472869.593,93.09
,,,931619.03,2412612.55,157.94
,,,950882.51,2704806.337,82.38
,,,1071114.62,2910491.607,95.9
,,,1016302.74,1904839.38,162.09
,,,921058.6486,2369133.668,177.1917617
,,,947206.7053,2205031.388,156.8349962
,,,903248.9226,2866378.828,80.43780678
,,,915657.0064,2107310.379,273.8093541
,,,873523.9174,2400069.693,167.1841265
,,,806437.4581,3417049.005,277.7822018
,,,1060294.928,2043110.313,210.4982928
,,,758777.6539,3340699.507,251.9801782
,,,923010.7821,2327847.202,287.5117702
,,,758220.7111,2864028.043,246.766597
,,,977149.7642,1899044.653,162.605903
,,,1003611.26,2955076.267,114.1225867